created_at,id_str,full_text,quote_count,reply_count,retweet_count,favorite_count,lang,user_id_str,conversation_id_str,username,tweet_url,mention_username
Thu Nov 09 23:45:55 +0000 2023,1722762472367739337,"Fakta yang terkaburkan: Setelah 7 Oktober, Hamas menawarkan pembebasan tawanan, dengan ditukar gencatan senjata. Netanyahu menolak. Catat!!!  https://t.co/CzUKLv6Akl",3,7,202,266,in,158660810,1722762472367739337,afifahafra79,https://twitter.com/afifahafra79/status/1722762472367739337,
Thu Nov 09 23:35:14 +0000 2023,1722759785832145070,@Greschinov Idf nyariin hamas https://t.co/LeG6fTk5Cf,2,3,20,140,in,942411634156322816,1722635651072528867,Jhegiwa80,https://twitter.com/Jhegiwa80/status/1722759785832145070,Greschinov
Thu Nov 09 23:20:22 +0000 2023,1722756042835280353,Al-Qassam Laporkan Perkembangan Baru Keberhasilan Menghalau Musuh dari Jarak Dekat https://t.co/qYD0s3yOdm #gaza #Hamas,1,2,158,406,in,65991060,1722756042835280353,hidcom,https://twitter.com/hidcom/status/1722756042835280353,
Thu Nov 09 23:13:20 +0000 2023,1722754274504196478,"Yang di sini baru pada mulai nakal, sok-sokan bela zionis, sok netral, nyalah-nyalahin Hamas melulu, sementara dunia merengkuh Islam karena Gaza. Terasa sekali sentimen dunia berubah banget terhadap Barat dan AS pada khususnya. Pada akhirnya kita akan menang, insya Allah.",9,35,1042,2200,in,76241729,1722754274504196478,malakmalakmal,https://twitter.com/malakmalakmal/status/1722754274504196478,
Thu Nov 09 23:05:32 +0000 2023,1722752310978425221,Being anti-Hamas is pro-Palestinian.,6,37,62,409,in,41160276,1722752310978425221,prageru,https://twitter.com/prageru/status/1722752310978425221,
Thu Nov 09 23:01:21 +0000 2023,1722751258984083769,"Rata-rata para akun pendukung Hamas teroris itu seperti @here_zil ini. Intoleran dan penghina agama.  Kalo Tuhan kami bersempak, bertangan enam atau pohon sekalipun apa urusannya sama kau?   Teman-teman, tandain mukanya dan bantu report ya.  Terima kasih,",2,31,44,142,in,1451314964174491652,1722751258984083769,LoudMinorities,https://twitter.com/LoudMinorities/status/1722751258984083769,here_zil
Thu Nov 09 22:54:14 +0000 2023,1722749466728612265,"Breaking News ‚ÄºÔ∏è Kata tentara @IDF yang patroli di salah satu sekolah Gaza,ternyata ditemukan ruangan yang dipakai teroris HAMAS buat simpan Bahan Peledak &amp  senjata. Jadi emang sifat pengecutnya kliatan üò™  kaum sumbu pendek pasti gak kuat liat video ini  https://t.co/Jj3J6EweWj",19,165,83,204,in,930221061773213696,1722749466728612265,seleb_berita,https://twitter.com/seleb_berita/status/1722749466728612265,IDF
Thu Nov 09 22:43:55 +0000 2023,1722746870299341196,"Banyak orang Amerika lebih berhati nurani dan memahami duduk perkara, ketimbang si Buya Si mahatahu"" soal Hamas itu""",0,2,53,121,in,158660810,1722746870299341196,afifahafra79,https://twitter.com/afifahafra79/status/1722746870299341196,
Thu Nov 09 22:09:38 +0000 2023,1722738240405590195,Halaman Rumah sakit Indonesia di Gaza malam ini dibombardir 20 Pesawat Jet Tempur Zionis Yahudi Israel  RS jd target karena mereka nengira jd persembunyian Hamas Pak @prabowo ini sdh menyangkut marwah indonesia..mereka tabuh genderang perang..  #ÿ£ÿ®Ÿàÿπÿ®ŸäÿØÿ©  #CeasefireInGazaNOW https://t.co/WtgRE89uGi,22,88,751,713,in,1104200981674287105,1722738240405590195,Been4Q59,https://twitter.com/Been4Q59/status/1722738240405590195,prabowo
Thu Nov 09 21:39:28 +0000 2023,1722730652033015894,Tiga Tentara Zionis Kembali Tewas oleh Penembak Jitu Al-Qassam di Jalur Gaza Tengah https://t.co/4wkqgNRkJr #Hamas,1,2,73,146,in,65991060,1722730652033015894,hidcom,https://twitter.com/hidcom/status/1722730652033015894,
Thu Nov 09 21:02:55 +0000 2023,1722721453915910396,"Saat Gaza dibombardir, semua pendukung Hamas bilang tentara IDF shrsnya perang darat spy lebih gentleman. Ternyata setelah masuk ke kota, tdk ditemukan tentara Hamas  Hamas bilang mrk tdk berada di medan perang utk membantu mengurangi korban perang. Bukannya itu disebut pengecut https://t.co/ZTc8TOWXw6",25,182,182,563,in,795498951336075264,1722721453915910396,SammiSoh,https://twitter.com/SammiSoh/status/1722721453915910396,
Thu Nov 09 20:58:58 +0000 2023,1722720456439193885,Terbukti Hamas menggunakan sekolah sebagai tempat pembuatan roket dan peluncuran roket. Mereka mengharap Israel bisa menembak balik ke titik ini sehingga menimbulkan korban meninggal dan luka anak2 sekolah dan guru  Bejad! https://t.co/wS9tcnzVE5,17,139,229,517,in,795498951336075264,1722720456439193885,SammiSoh,https://twitter.com/SammiSoh/status/1722720456439193885,
Thu Nov 09 19:04:52 +0000 2023,1722691744880640357,"Fast attack and fast looting. üòÅ Ksatria sejati, tak takut dicaci tak gentar mati. Berhasil mengalahkan tank merkava meskipun hanya bersenjatakan AK-47 dan granat.  #Hamas #TaufanAlAqsha https://t.co/qkGUdI4aeP",29,28,866,2036,in,1376458830175870976,1722691744880640357,PecintaSejarah2,https://twitter.com/PecintaSejarah2/status/1722691744880640357,
Thu Nov 09 19:04:10 +0000 2023,1722691567738400925,@cordova_media Sel kulit mati kabarnya yang membunuh juga HAMAS,5,3,42,295,in,1228812322321289216,1722555793046937783,grdkiff,https://twitter.com/grdkiff/status/1722691567738400925,cordova_media
Thu Nov 09 18:55:54 +0000 2023,1722689489565548956,"@tanyakanrl jangan berhenti rt dan kasih dukungan buat palestine pls, kemaren israel ngelak ngebom rumah sakit selang berapa lama coba justifikasi nyerang karena katanya di bawahnya ada terowongan, terus karena engagement jurnalis di sana tinggi, mereka juga sekarang fitnah jurnalis = hamas",0,3,67,584,in,3147891072,1722684400004161780,milnupi,https://twitter.com/milnupi/status/1722689489565548956,tanyakanrl
Thu Nov 09 18:47:43 +0000 2023,1722687427901612171,@16yBall @tanyakanrl KENAPA GA LU AJA YG MATI ANJING? IBARAT KATA ITU HAMAS PAHLAWAN GAZA. GAADA SATUPUN WARGA GAZA YG JELEKIN HAMAS. JADI LU MANUSIA ANJING MENDING DIEM BANGSAT,1,5,7,226,in,585359822,1722684400004161780,Dayanaclarkk,https://twitter.com/Dayanaclarkk/status/1722687427901612171,"16yBall, tanyakanrl"
Thu Nov 09 18:32:49 +0000 2023,1722683679078748275,Sehemu ya Usalama ya Hamas. Ishara ya mrengo wake wa kijeshi. Imekamatwa na Brigade 162 - mafanikio muhimu na yenye maana kwa Israel https://t.co/SY0fny7jEa,3,2,28,140,in,1363848043540459524,1722683679078748275,AbroadTanzania,https://twitter.com/AbroadTanzania/status/1722683679078748275,
Thu Nov 09 18:27:10 +0000 2023,1722682255473316284,Satu negara yg paling diuntungkan dengan perang Russia-Ukraina dan Israel-Hamas adalah cuma 1 negara didunia yg tdk kena dampak apapun yaitu cuma CHINA. Catat!!!,1,6,31,113,in,252415154,1722682255473316284,Ronnie_Rusli,https://twitter.com/Ronnie_Rusli/status/1722682255473316284,
Thu Nov 09 17:27:11 +0000 2023,1722667162085871864,"üáÆüá± üáµüá∏ Hamas : Kami menyangkal mencapai kesepakatan gencatan senjata dengan pendudukan, perundingan masih berlanjut, dan jika ada kesepakatan yg tercapai, hal ini akan diumumkan dengan jelas kepada rakyat kami.  ‚û°Ô∏è Israel melancarkan perang psikologis melaui media dan Kutil Babi.",1,6,154,403,in,497234852,1722667162085871864,yo2thok,https://twitter.com/yo2thok/status/1722667162085871864,
Thu Nov 09 17:10:46 +0000 2023,1722663028368511021,condemn hamas,0,11,27,239,in,1691827182442819584,1722663028368511021,robpatt___,https://twitter.com/robpatt___/status/1722663028368511021,
Thu Nov 09 17:08:23 +0000 2023,1722662430466331086,"@el_avraham awal bersatunya kita karna banyak kaum terpelajar, ada yg sekolah di belanda pas pulang bikin pergerakan sampai jadi sumpah pemuda, disana anak palestina belajar ga tenang, hidup ga stabil, susah buat mikir perjuangan lewat diplomasi krn ortunya pada dibom, mending masuk hamas ü§∑",0,1,29,149,in,1555126697212919808,1722652634488914211,shitcommanders,https://twitter.com/shitcommanders/status/1722662430466331086,el_avraham
Thu Nov 09 17:08:03 +0000 2023,1722662345904988306,"üáµüá∏ üáÆüá± Conflict Update  Mulai sekarang, syarat-syarat kita yang harus diikuti, kita adalah pemegang keputusan, lapangan pertempuran adalah wilayah kita sendiri, dan dengan pertolongan Allah kita akan menang dan mengakhiri pendudukan selamanya.  Kepemimpinan politik #Hamas dan‚Ä¶ https://t.co/IvX8l9f2bu",22,84,656,1872,in,113764464,1722662345904988306,Avolanza,https://twitter.com/Avolanza/status/1722662345904988306,
Thu Nov 09 15:55:48 +0000 2023,1722644164616298548,"@Greschinov bahkan veteran idf sendiri curiga ama kejadian okt 7 n ga cuma dia doang yg curiga, bnyk warga civil jg tanda ? gov. sbnrny tau bakal da penculikan cm dibiarin &amp  dibantailah warga sendiri, salahin hamas buat alesan pembenaran supaya nguasain gaza https://t.co/nZ6V2aoeuf",4,8,100,320,in,521987425,1722635651072528867,TanyaKhaChi,https://twitter.com/TanyaKhaChi/status/1722644164616298548,Greschinov
Thu Nov 09 15:43:25 +0000 2023,1722641047258534356,"TERKINI  SUMBER TERDEKAT RUNDINGAN HAMAS-QATAR- ISRAEL MEMAKLUMKAN KEPADA THE GUARDIAN BAHAWA  PM ISRAEL, BENJAMIN NETANYAHU MENOLAK AGAR ADA GENCATAN SENJATA SELAMA 5 HARI SEBAGAI TIMBAL BALIK PEMBEBASAN TAWANAN DI GAZA https://t.co/EBYowSg8oT",84,63,598,524,in,2194068895,1722641047258534356,Marchfoward,https://twitter.com/Marchfoward/status/1722641047258534356,
Thu Nov 09 15:42:15 +0000 2023,1722640755670634780,"Di sini terlihat jelas kalo hamas targetin ya tentara zionist, BUKAN CIVILIANS! Klo nargetin civilians &amp  bombardir satu kota abis2an itu namanya GENOCIDE!",0,0,127,287,in,2410552237,1722640755670634780,dhita_pedhe,https://twitter.com/dhita_pedhe/status/1722640755670634780,
Thu Nov 09 15:28:07 +0000 2023,1722637197302747539,Sojojin Isra'ila sun yi gumurzu gaba da gaba da mayakan Hamas https://t.co/ccZRZBAm7U https://t.co/XYCwyHwRjj,1,11,19,229,in,128164488,1722637197302747539,RFI_Ha,https://twitter.com/RFI_Ha/status/1722637197302747539,
Thu Nov 09 15:21:58 +0000 2023,1722635651072528867,"Gue udah bikin thread komprehensif plus sumber valid bahwa Hamas tak terbukti membantai 1.400 sipil. Cek lanjutan Twit ini.  Nah, sekarang coba lo buktiin bahwa Hamas emang ngebantai sebanyak itu. Ingat: cantumkan sumber valid ya, minimal 10. Gue tunggu ya üëç",18,179,1828,6237,in,59980041,1722635651072528867,Greschinov,https://twitter.com/Greschinov/status/1722635651072528867,
Thu Nov 09 15:12:06 +0000 2023,1722633166958313570,"Ibrahim Abu-Maghsib, Mkuu wa Kitengo cha Makombora cha Kupambana na Vifaru cha Hamas katika Brigedi ya Kambi Kuu, aliuwawa katika shambulio la ndege za kivita kwa msingi wa ujasusi wa ISA na IDF. https://t.co/IUn9SGHyzh",0,4,2,114,in,1363848043540459524,1722633166958313570,AbroadTanzania,https://twitter.com/AbroadTanzania/status/1722633166958313570,
Thu Nov 09 15:08:05 +0000 2023,1722632155971616824,KEMASKINI  The Wall Street Journal melaporkan Presiden Mesir Abdel Fattah al-Sisi menolak cadangan US untuk Mesir menjadi pentadbir keselamatan Gaza untuk sementara waktu selepas kekalahan Hamas dalam perang ini. Ia sehinggalah Pihak Berkuasa Palestin (PA) berkemampuan untuk‚Ä¶ https://t.co/VK74a8pNzc,34,47,781,1594,in,2194068895,1722632155971616824,Marchfoward,https://twitter.com/Marchfoward/status/1722632155971616824,
Thu Nov 09 14:59:09 +0000 2023,1722629907002671294,"Hamas ni shirika la jema la Palestina na bodi inayoongoza katika Ukanda wa Gaza.Ilianzishwa mwaka 1987 kama chipukizi la Muslim Brotherhood, Hamas inalenga kuangamiza Taifa la Israel na kuanzisha Dola ya Kiislamu mahali pake, na katiba yake rasmi ya kutaka Wayahudi wote wauawe. https://t.co/ic1W1whap2",0,11,10,183,in,1516632832013225987,1722629907002671294,ErnestKavol4,https://twitter.com/ErnestKavol4/status/1722629907002671294,
Thu Nov 09 14:55:42 +0000 2023,1722629038853042223,"Maafisa wa Israel Danny na Kushmaro wakiwa ndani ya Darasa kuonesha Hamas wanavyotumia madarasa, na nyumba za ibada kutunza silaha zao https://t.co/rixXSwfn2f",0,11,21,136,in,1363848043540459524,1722629038853042223,AbroadTanzania,https://twitter.com/AbroadTanzania/status/1722629038853042223,
Thu Nov 09 14:54:46 +0000 2023,1722628806123635028,"Satu bulan lebih pertempuran zionis dan Hamas, namun sampai saat ini zionis dan sekutunya yg bersenjata lengkap tidak bisa mengalahkan Hamas, sesungguhnya zionis israel dan amerika itu pengecut https://t.co/i9lfomSMKf",2,5,86,169,in,1450037307826860039,1722628806123635028,QianzyZ,https://twitter.com/QianzyZ/status/1722628806123635028,
Thu Nov 09 14:42:44 +0000 2023,1722625776892473714,"üáµüá∏üáÆüá± Conflict Update  Mengejutkan, ternyata #IsraHell mengakui serangan 7th October adalah kesalahan mereka dan mereka juga mengakui telah membantai warganya sendiri, tapi nyalahin #Hamas  TERKONFIRMASI!  Israel mengakui bertanggung jawab atas pembantaian warganya pada konser 7‚Ä¶ https://t.co/QIzOBfoiVm",11,4,226,265,in,113764464,1722625776892473714,Avolanza,https://twitter.com/Avolanza/status/1722625776892473714,
Thu Nov 09 14:13:46 +0000 2023,1722618487791878184,@cordova_media Yang matiin mic pas sidang kemaren sebenarnya bukan mbak puan tapi HAMAS,2,6,9,162,in,1489087854915457029,1722555793046937783,a_roisatu,https://twitter.com/a_roisatu/status/1722618487791878184,cordova_media
Thu Nov 09 14:02:19 +0000 2023,1722615605919183259,Nahangaishwa sana na kauli zinazotelewa na wizara ya mambo ya nje hasa waziri wake mwenye tuhuma za wizi na ulaji rushwa January Makamba juu ya vita vya Israel na Magaidi ya HAMAS huko Gaza.  Mwanzoni  nilidhani ni tabia yake ya kukurupuka na utoto lakini nadhani  kuna mahali‚Ä¶ https://t.co/dcXBKUjdMS,6,1,12,133,in,2430656918,1722615605919183259,kigogo2014,https://twitter.com/kigogo2014/status/1722615605919183259,
Thu Nov 09 14:00:01 +0000 2023,1722615025284857915,"Milter Israel dan Hamas Bertempur Jarak Dekat di Gaza!  Pejabat Palestina mengatakan 10.569 orang tewas pada hari Rabu, 40 persen di antaranya adalah anak-anak. Sedangkan Israel mengatakan 33 tentaranya tewas. https://t.co/nrRGP4m38m",3,22,235,675,in,69183155,1722615025284857915,detikcom,https://twitter.com/detikcom/status/1722615025284857915,
Thu Nov 09 13:50:13 +0000 2023,1722612557993894084,"Ini pelajaran TK di Gaza. Dramatisasi tentara IDF dibunuh, pengajaran kebencian sejak usia dini, ajakan menjadi tentara Hamas. Tidak heran masyarakat Gaza adalah pendukung penuh Hamas dan kekejian mereka. Ini juga diajarkan di TV dan media di Gaza bhw non-muslim pantas diperkosa https://t.co/K2xptMEs2W",18,87,137,296,in,795498951336075264,1722612557993894084,SammiSoh,https://twitter.com/SammiSoh/status/1722612557993894084,
Thu Nov 09 13:45:52 +0000 2023,1722611466996768964,"IDF terheran2 pada ke mana Hamas?  Kota seolah kita hantu tanpa ada perlawanan dari tentara Hamas. IDF temukan senjata, roket, amunisi di rumah2 warga tapi dgn kosong penghuni. Sebenarnya Hamas mau main atau mau ngumpet di gorong2. Soalnya sepi banget. https://t.co/gtXdLQuggl",23,111,107,296,in,795498951336075264,1722611466996768964,SammiSoh,https://twitter.com/SammiSoh/status/1722611466996768964,
Thu Nov 09 13:42:41 +0000 2023,1722610663347105830,"üáµüá∏ Pejuang Hamas sedang menonton berita di terowongan.  Peralatan dan senjata berseragam, serta ranjau anti-tank TS/6.1 Italia yang diperoleh dari Ukraina.  Semakin banyak bukti muncul bahwa senjata NATO ada di tangan Hamas. https://t.co/Setc8eCT5U",3,23,132,621,in,2256063276,1722610663347105830,SoftWarNews,https://twitter.com/SoftWarNews/status/1722610663347105830,
Thu Nov 09 13:41:07 +0000 2023,1722610271188058197,"Bagi warga Gaza, tetap lebih baik Hamas dibanding sisanya seisi dunia digabung jadi 1.  Hamas bisa cegah israel masuk darat Gaza.  Setidaknya seumpama dibunuh israel, meninggal dibom. Bukan disembelih dan diperkosa jarak dekat seperti saat zionis awal masuk Palestina.",0,3,36,141,in,1299360593703395329,1722610271188058197,Marimar_Aauw,https://twitter.com/Marimar_Aauw/status/1722610271188058197,
Thu Nov 09 13:17:26 +0000 2023,1722604311216304144,"@lilaccountz Hanya orang waras yang akan tetap membela palestina. Walaupun fitnah sana sini, banyak nyalahin hamas, Whatever you say. Free palestine. Go to hell israel dan pendukungnya.",0,2,10,276,in,1538466663242182657,1722468865815556475,AlifaSyahira20,https://twitter.com/AlifaSyahira20/status/1722604311216304144,lilaccountz
Thu Nov 09 13:14:45 +0000 2023,1722603633605550243,üáµüá∏ üáÆüá± Conflict Update  Sekali lagi tentara #IsraHell mati terbunuh akibat bom dari #Hamas #AlQassam   #Gaza benar2 menjadi kuburan bagi mereka!! Alhamdulillah Allah Akbar!!  Beginilah nasib penjajah #Zionist di tanah #Palestina üòâ  #FreePalestine #ConflictUpdate‚Ä¶ https://t.co/Pcik7MQQCb,4,9,128,295,in,113764464,1722603633605550243,Avolanza,https://twitter.com/Avolanza/status/1722603633605550243,
Thu Nov 09 13:06:00 +0000 2023,1722601431193018840,"Perang Israel-Hamas Jadi Ajang Unjuk Senjata Houthi  Houthi memiliki basis di Yaman. Dalam konflik ini, sikap Houthi adalah membantu Hamas meluncurkan serangan ke Israel.  &gt &gt  https://t.co/nWRT8UXrA9  #detikinet",0,9,95,500,in,69183155,1722601431193018840,detikcom,https://twitter.com/detikcom/status/1722601431193018840,
Thu Nov 09 12:58:33 +0000 2023,1722599555441803654,Pemandangan‚ÄºÔ∏è Sejalan arahan serta jaminan keamanan militer Israel... ¬± 15 ribu warga meninggalkan Gaza Utara selasa wingi... Ketika IDF semakin intensif operasi darat... Memburu teroris hamas.  https://t.co/aIIBLUcsgg,12,44,73,232,in,1265895268936904709,1722599555441803654,_MbakSri_,https://twitter.com/_MbakSri_/status/1722599555441803654,
Thu Nov 09 12:56:35 +0000 2023,1722599061323432433,@LoudMinorities Sejak kapan hamas punya apache? Kalo jadi buzzer pinteran dikit dong.,0,2,8,135,in,1081868917260218368,1722596011439464591,xxxsbswan,https://twitter.com/xxxsbswan/status/1722599061323432433,LoudMinorities
Thu Nov 09 12:48:41 +0000 2023,1722597072938148290,"Hamas: Kami menyeru rakyat kami di seluruh Tebing Barat dan semua orang yang boleh membawa senjata untuk bergerak menghentikan kepungan kem Jenin dan bertempur dengan tentera penjajah fasis Zionis, dan meningkatkan penentangan dengan mereka dalam semua bentuk kemampuan.",3,3,578,844,in,250066452,1722597072938148290,numanmazlan,https://twitter.com/numanmazlan/status/1722597072938148290,
Thu Nov 09 12:44:28 +0000 2023,1722596011439464591,"Mantep sumber conspiracy theory anda, dari Megatron. Yang dari Opmitus Prime ada? Seperti saya bilang, pendukung Hamas akan selalu membela matian2, ika perlu sebar hoax. Sampai jumpa lagi 1-2 tahun kedepan sisa-sisa abu Hamas ditetapkan Teroris oleh dunia International.",44,238,30,147,in,1451314964174491652,1722596011439464591,LoudMinorities,https://twitter.com/LoudMinorities/status/1722596011439464591,
Thu Nov 09 12:42:26 +0000 2023,1722595499730166179,"@cordova_media Dinosaurus punah itu kerjaan Hamas. Bumi itu plat-trapesium, tapi ditutup-tutupi Hamas. Dulu gravitasi belum ada, iseng Hamas jatohin apel ke kepala Newton makanya muncul gravitasi. Kenapa alien masih alien, HAMAS!",3,14,44,395,in,438863968,1722555793046937783,cayurhaceum,https://twitter.com/cayurhaceum/status/1722595499730166179,cordova_media
Thu Nov 09 12:42:09 +0000 2023,1722595430884851899,Gerakan Perjuangan Islam Palestin (Hamas) mendedahkan berjaya memusnahkan 136 kenderaan perisai rejim Israel sejak operasi darat dimulakan di wilayah terkepung Gaza. https://t.co/8pdFh8usXl,3,4,474,951,in,250066452,1722595430884851899,numanmazlan,https://twitter.com/numanmazlan/status/1722595430884851899,
Thu Nov 09 12:39:13 +0000 2023,1722594692385394758,Drama buat cari donasi  Hamas teroris pecundang  Hamas bukan pejuang Hamas bukan mewakili palestina  https://t.co/3L7swtnqMk,9,77,68,157,in,1084315822464462854,1722594692385394758,Pejuang__rupiah,https://twitter.com/Pejuang__rupiah/status/1722594692385394758,
Thu Nov 09 12:36:19 +0000 2023,1722593961913745555,"üáµüá∏ üáÆüá± Conflict Update  Alhamdulillah kali ini sniper #IsraHell kena sama sniper #AlQassam   üö®üáÆüá± Salah satu sniper terbaik Israel, Barib Yariel, baru saja dibunuh oleh penembak jitu Hamas.   üö®üáÆüá± Yariel memiliki tingkat keberhasilan 100% hingga suatu saat musuhnya memiliki‚Ä¶ https://t.co/5kq0rcTNyM",5,13,126,418,in,113764464,1722593961913745555,Avolanza,https://twitter.com/Avolanza/status/1722593961913745555,
Thu Nov 09 12:32:15 +0000 2023,1722592937056538917,@cordova_media Hachi sebatang karang karena Hamas juga heheehehe,2,0,8,181,in,1085169564399263744,1722555793046937783,superhero1105,https://twitter.com/superhero1105/status/1722592937056538917,cordova_media
Thu Nov 09 12:14:36 +0000 2023,1722588498816102869,"Kabar‚ÄºÔ∏è Ket... ¬± Gaza...  Infrastruktur berikut 130 pintu terowongan/penyimpanan air/oksigen hamas cabul... Dihancurkan IDF... Sejak dimulai perang."" https://t.co/Zc1UkCZOvZ""",1,32,58,202,in,1265895268936904709,1722588498816102869,_MbakSri_,https://twitter.com/_MbakSri_/status/1722588498816102869,
Thu Nov 09 12:11:29 +0000 2023,1722587712304390333,"Wartawan tentera akhbar Israel Maariv mengesahkan bahawa Israel jauh daripada sebarang pencapaian ketenteraan utama di Semenanjung Gaza.  Penganalisis tentera untuk akhbar Yedioth Ahronoth, Ron Ben Yishai, berkata: Masih tiada tanda kejatuhan Hamas di Gaza, dan Israel tidak‚Ä¶ https://t.co/JBX6Nme2UH""",5,5,182,240,in,289976069,1722587712304390333,mynewshub,https://twitter.com/mynewshub/status/1722587712304390333,
Thu Nov 09 12:01:21 +0000 2023,1722585162196938864,"Diberitakan Hamas mencuri makanan bantuan dari pengungsian. Tiga pemimpin Hamas malah hidup dgn mewah di atas penderitaan warga Gaza.  Boleh dikatakan dunia Islam dibutakan dgn kontras dan ketimpangan ini, jarak yg sgt jauh kondisi hidup mereka. https://t.co/kmmOBVGRY5",6,41,87,203,in,795498951336075264,1722585162196938864,SammiSoh,https://twitter.com/SammiSoh/status/1722585162196938864,
Thu Nov 09 11:50:12 +0000 2023,1722582355788148971,"Fix ya Hamas tidak membantai 1.400 warga sipil. üëç Kalo masih ada yang ribut hAmAs teRoriS!!!1 nGebunUh 1.400 sipiLL!1""  ini dia emang bebal aja berarti.""",160,276,9065,20694,in,59980041,1722582355788148971,Greschinov,https://twitter.com/Greschinov/status/1722582355788148971,
Thu Nov 09 11:50:02 +0000 2023,1722582312804848093,Warga Gaza Tetap Tolak Pemerintah Abbas Jika Hamas Kalah https://t.co/Oaw1BXe9F6,18,22,37,163,in,17128975,1722582312804848093,CNNIndonesia,https://twitter.com/CNNIndonesia/status/1722582312804848093,
Thu Nov 09 11:41:33 +0000 2023,1722580179552498062,"@Outstandjing Dugaannya juga sih Israel sengaja membiarkan roket Hamas masuk, tujuannya biar bisa melakukan serangan balik dan mengusir warga Gaza, lalu terbitlah kanal besar yg mengalahkan Suez. Endingnya ekonomi juga.",2,6,16,285,in,250137365,1722557758057422882,dawgfromdahood,https://twitter.com/dawgfromdahood/status/1722580179552498062,Outstandjing
Thu Nov 09 11:36:14 +0000 2023,1722578839682101343,"Israel akan bangkrut dlm perang ini. Itu menurut media Konoha utk nyenangin hamas hamas kontet.  Israel itu negara kaya, dgn PDB US$522,03 th 2022, dan itu akan naik terus. PDB Israel mewakili 0,23% perekonomian dunia.  Org Yahudi diluar Israel pada kaya. Mereka bisa bantu. https://t.co/jB0d017dul",11,102,57,303,in,955388325099069441,1722578839682101343,DeHoutman_id,https://twitter.com/DeHoutman_id/status/1722578839682101343,
Thu Nov 09 11:17:05 +0000 2023,1722574024214278356,BISMILLAH ... ALHAMDULILLAH ... SUBHANALLAH ... ABU OBAIDAH ...!!  #ÿ£ÿ®Ÿàÿπÿ®ŸäÿØÿ©  #Hamas  #GazaCeasefire #ÿ∫ÿ≤ÿ©_ÿ™ÿ≤ÿ≠ŸÅ_ÿßŸÑŸâ_ÿßŸÑŸÇÿØÿ≥ #Gaza_Genocide https://t.co/CQmeG3ugVx,1,3,44,140,in,2444786456,1722574024214278356,fizaiq,https://twitter.com/fizaiq/status/1722574024214278356,
Thu Nov 09 11:13:51 +0000 2023,1722573210066321564,@cordova_media Yg bikin emyu udah menang trus akhirnya kalah kemaren malam Hamas!üòÇ @bedahplastik,0,3,3,227,in,54542495,1722555793046937783,visav710,https://twitter.com/visav710/status/1722573210066321564,"cordova_media, bedahplastik"
Thu Nov 09 11:02:02 +0000 2023,1722570236518395954,Kundi la Hamas ladai kuharibu magari ya kivita ya Israel https://t.co/Rtm7yV1jTx https://t.co/ntpPZRwX5x,1,9,9,234,in,18186609,1722570236518395954,bbcswahili,https://twitter.com/bbcswahili/status/1722570236518395954,
Thu Nov 09 10:44:36 +0000 2023,1722565849448665339,Cc @puanmaharani_ri       @Menlu_RI       @mohmahfudmd  7 Oktober Pembantaian Rakyat sipil Israel dilakukan HAMAS Dimana suara kalian¬≤ semua!! Apa perbuatan ini mulia dan tidak biadab? Mana Kutukan¬≤ dari kalian!!,1,49,65,147,in,1627508175833546754,1722565849448665339,Tulus_nih70,https://twitter.com/Tulus_nih70/status/1722565849448665339,"puanmaharani_ri, Menlu_RI, mohmahfudmd"
Thu Nov 09 10:34:30 +0000 2023,1722563305250971818,"Al-Mayadeen: Presiden Mesir, Abdel Fattah El-Sisi menolak cadangan daripada pengarah CIA untuk diwujudkan pentadbiran keselamatan Mesir di Semenanjung Gaza, sambil menegaskan bahawa Mesir tidak akan memainkan peranan dalam menghapuskan Hamas. https://t.co/eY9uhU77bT",4,5,78,187,in,250066452,1722563305250971818,numanmazlan,https://twitter.com/numanmazlan/status/1722563305250971818,
Thu Nov 09 10:27:30 +0000 2023,1722561542775029866,Upaya pembunuhan Presiden Mahmoud Abbas.  Seorang penjaga keamaan dinyatakan tewas dalam serangan.  Upaya pembunuhan ini kemungkinan dilakukan oleh Hamas terkait beberapa statement Presiden Mahmoud Abbas. https://t.co/GCll535ByK,3,25,63,134,in,955388325099069441,1722561542775029866,DeHoutman_id,https://twitter.com/DeHoutman_id/status/1722561542775029866,
Thu Nov 09 10:21:12 +0000 2023,1722559959668507140,"@Greschinov Lucu ini bro , semua tentang Hamas üòÑ https://t.co/hYHoOSB3yF",153,43,282,776,in,844894994095779848,1722557968368239009,GundalaOfTruth,https://twitter.com/GundalaOfTruth/status/1722559959668507140,Greschinov
Thu Nov 09 10:15:50 +0000 2023,1722558608041484414,Ekonomi Israel makin terpuruk akibat perang. Seperti apa keadaannya?  #freepalestina #freepalestine #palestina #hamas #israel #prayforpalestine https://t.co/x0ZCH19Hfh,6,42,53,167,in,57261519,1722558608041484414,Metro_TV,https://twitter.com/Metro_TV/status/1722558608041484414,
Thu Nov 09 10:13:17 +0000 2023,1722557968368239009,"Tentara Israel paling jago bunuh anak kecil, tapi paling payah kalo disuruh cari Hamas.  Ada bocah ngeliatin lewat jendela aja mau ditembak, so sick.",132,124,4230,11564,in,59980041,1722557968368239009,Greschinov,https://twitter.com/Greschinov/status/1722557968368239009,
Thu Nov 09 10:07:39 +0000 2023,1722556550630474103,"Penganalisis tentera untuk akhbar Yedioth Ahronoth, Ron Ben Yishai, berkata: Masih tiada tanda kejatuhan Hamas di Gaza, dan Israel tidak pernah melihat sehingga kini, mana-mana pejuang muncul dengan tangan terangkat sebagai menyerah diri.""""",0,1,120,186,in,250066452,1722556550630474103,numanmazlan,https://twitter.com/numanmazlan/status/1722556550630474103,
Thu Nov 09 10:05:50 +0000 2023,1722556093375889430,Media Barat dan para Kutil Babi berusaha keras untuk menyalahkan Hamas atas pembantaian tersebut.,0,6,52,185,in,497234852,1722556090678927775,yo2thok,https://twitter.com/yo2thok/status/1722556093375889430,
Thu Nov 09 10:04:39 +0000 2023,1722555793046937783,Pokoknya semua salah Hamas... https://t.co/JN8OqBn3FZ,1050,289,4532,9871,in,958828572742856704,1722555793046937783,cordova_media,https://twitter.com/cordova_media/status/1722555793046937783,
Thu Nov 09 09:58:57 +0000 2023,1722554359987462423,"üá∫üá∏ üáÆüá± üá™üá¨ Direktur CIA, William J Burns bertemu Presiden Mesir &amp  Direktur Biro Intelijen Umum di Mesir.   Mengajak Mesir bergabung dengan pasukan pendudukan yg akan didirikan di Gaza setelah Hamas dikalahkan. https://t.co/Vv1gzBaTpv",9,102,184,457,in,497234852,1722554359987462423,yo2thok,https://twitter.com/yo2thok/status/1722554359987462423,
Thu Nov 09 09:51:31 +0000 2023,1722552487364964659,"Kapten Yair Edou Netanyahu, anak saudara Benjamin Netanyahu yg mengetuai unit salah satu penembak hendap zionis di Gaza jg mampos &amp  dihantar ke neraka oleh penembak hendap Hamas.  #StandWithPalestine #VisitIsrael #ZionisMampos https://t.co/jyQeJlyEXG",52,35,735,1455,in,1109133163182194688,1722536428129976701,ellmartt8888,https://twitter.com/ellmartt8888/status/1722552487364964659,
Thu Nov 09 09:47:35 +0000 2023,1722551500491329774,Sebenarnya saya ingin juga sekali2 menjawab fitnah orang2 soal HAMAS di Gaza.  Cuma kok saya fikir percuma ya.   Orang yg mendukung Palestina gak perlu alasan soal HAMAS. Orang yg membenci Palestina juga gak perlu alasan soal HAMAS.,3,5,58,138,in,127448998,1722551500491329774,af1_,https://twitter.com/af1_/status/1722551500491329774,
Thu Nov 09 09:41:33 +0000 2023,1722549979301187672,"Allahu Akbar!  Penganalisis Tentera, Ron Ben Yichai berkata kepada Yedioth Ahronoth: Tiada tanda bahawa Hamas akan kalah di Gaza. Sehingga kini IOF tidak jumpa mana-mana Mujahidin yg angkat tangan mengaku kalah.  Sehingga kini IOF tidak mendapat sebarang langkah yang signifikan.",10,6,1126,1375,in,518755050,1722549979301187672,anasbadlatif,https://twitter.com/anasbadlatif/status/1722549979301187672,
Thu Nov 09 09:31:59 +0000 2023,1722547573171581327,"Maksudnya, Israel menegaskan mereka hanya memburu hamas. Bukan menarget warga sipil.  Ini fakta yang dilihat CNN.""  Apa beda ""fakta"" dan ""narasi""?""",10,97,295,983,in,34075325,1722547573171581327,ismailfahmi,https://twitter.com/ismailfahmi/status/1722547573171581327,
Thu Nov 09 09:27:01 +0000 2023,1722546323319377946,@MuhmmadSyafee Gambar kiri:  ‚ÄúAku sedut ganja ni lepas aku baru je rogol perempuan palestine‚Äù  Gambar kanan:  Askar israel yang bernama Omer tabib dari Briged Nahal telah terbunuh pagi ini setelah terkena tembakan anti-tank misil oleh Hamas yang memasuki Israel. Dia mampos diusia 21 tahun.,2,2,18,236,in,101666692,1722479780833181878,Januarhaikal,https://twitter.com/Januarhaikal/status/1722546323319377946,MuhmmadSyafee
Thu Nov 09 09:23:57 +0000 2023,1722545552469217707,"üí† Situs web Walla Israel:  Seorang petugas dari Brigade Givati ‚Äã‚Äã‚Äã‚Äãterluka dalam operasi darat di Gaza: Kami menghadapi hantu dan jin di Gaza, dan meskipun ada persiapan tembakan yang intensif dari pesawat dan artileri, kami tidak tahu dari mana pejuang Hamas menyerang kami.",1,5,68,188,in,2256063276,1722545552469217707,SoftWarNews,https://twitter.com/SoftWarNews/status/1722545552469217707,
Thu Nov 09 09:22:45 +0000 2023,1722545247694053782,HAMAS!! https://t.co/viovJkPsb2,3,14,25,213,in,3243041116,1722545247694053782,claravonlangen,https://twitter.com/claravonlangen/status/1722545247694053782,
Thu Nov 09 09:14:41 +0000 2023,1722543221346074984,Berawal Dari Pembantaian dilakukan Hamas kepada Warga sipil   7 oktober 2023  üëâ‚úçÔ∏è‚úçÔ∏è‚úçÔ∏è https://t.co/weqiDkB4QG,17,139,124,228,in,1084315822464462854,1722543221346074984,Pejuang__rupiah,https://twitter.com/Pejuang__rupiah/status/1722543221346074984,
Thu Nov 09 08:47:42 +0000 2023,1722536428129976701,"Mampos  Salah seorang penembak hendap terbaik zionis, Barib Yariel dgn kadar kejayaan tembakan 100% yg selalu menyasarkan kanak-kanak Palestin akhirnya dihantar terus ke neraka oleh penembak hendap Hamas.  #StandWithPalestine #IsraelMampos #VisitIsrael #IsraelFood https://t.co/JLdJ7H603Q",132,76,2734,3904,in,1109133163182194688,1722536428129976701,ellmartt8888,https://twitter.com/ellmartt8888/status/1722536428129976701,
Thu Nov 09 08:44:53 +0000 2023,1722535718940270930,"Pemandangan horor setelah penyerangan Hamas  7 0ct 2023 di Festifal musik di wilayah Israel Selatan. Ini brutal dan murni kebencian.   Pendukung Hamas teroris pasti mengatakan video diatas Hoax atau ditembak oleh tentara Israel sendiri, https://t.co/lPEmiWE95g",26,187,205,487,in,1451314964174491652,1722535718940270930,LoudMinorities,https://twitter.com/LoudMinorities/status/1722535718940270930,
Thu Nov 09 08:43:49 +0000 2023,1722535452203516037,Allahu Akbar  Kmrn ber-tanya¬≤ gmn cara Pertempuran titik nol spt ini yg dimaksud Abu Ubaidah Jubir Al-Qassam Hamas dlm perang Palestina-Israel hadapi Tentara Yahudi di Gaza  Cerdas banget Ya Allah  #GenocideinGaza #FreePalestine  PDIP Cawapres Boneka Mahkamah Keluarga Anwar Usman https://t.co/2qk833GFbK,13,11,317,706,in,1099572472754581504,1722535452203516037,Aiek_Speechless,https://twitter.com/Aiek_Speechless/status/1722535452203516037,
Thu Nov 09 08:39:05 +0000 2023,1722534261222527020,"Zionis mengakui bahwa helikopter Apache Israel menembaki warga sipil Israel yang melarikan diri dari festival musik Supernova 7 Oktober.  Media Barat berusaha keras utk menyalahkan Hamas atas pembantaian ini, namun kini kita tahu bahwa Israel rela membunuh warganya sendiri. https://t.co/eVp9U3S8vf",24,24,587,740,in,2256063276,1722534261222527020,SoftWarNews,https://twitter.com/SoftWarNews/status/1722534261222527020,
Thu Nov 09 08:19:35 +0000 2023,1722529351798067370,"Kita juga harus sedar, bahawa IOF hanyalah menggunakan alasan Hamas &amp  terowong untuk melakukan pembunuhan ke atas rakyat Gaza dan mereka berkeras untuk merampas kawasan di Utara &amp  Tengah Gaza, walaupun telah ditegah oleh beberapa Kuasa Besar Dunia.  Moga rancangan mereka gagal!",1,0,53,232,in,518755050,1722528286486725083,anasbadlatif,https://twitter.com/anasbadlatif/status/1722529351798067370,
Thu Nov 09 08:11:43 +0000 2023,1722527374338904454,"@sautmkt Keren, drone Hamas dibuat di apartment. Believable sekali.   Gue percaya banget kalau itu mmg ada serpihan drone, tp sudah pernah liat drone Hamas kah? Coba dicompare aja mirip tidak dr segi design, shape, and structure/built.   Lbh kerennya lagi, exposed IsraHell selalu minim‚Ä¶",1,12,18,206,in,113764464,1722486944113074554,Avolanza,https://twitter.com/Avolanza/status/1722527374338904454,sautmkt
Thu Nov 09 07:41:06 +0000 2023,1722519666587832411,Mkuu wa haki za binadamu wa UN awashutumu Israel na Hamas kwa uhalifu wa kivita  https://t.co/OxIFfPajbO https://t.co/ns8T3quxAj,0,6,7,251,in,18186609,1722519666587832411,bbcswahili,https://twitter.com/bbcswahili/status/1722519666587832411,
Thu Nov 09 07:35:28 +0000 2023,1722518252159664515,"@ayatsucii Makanya, mungkin mereka pikirnya, Udahlah kita matiin Hamas sekalian sama warga kita, gak apa apa nanti tinggal kita salahin Hamas, barat pasti percaya kok"" ü§°""",0,3,21,314,in,59980041,1722341337830506525,Greschinov,https://twitter.com/Greschinov/status/1722518252159664515,ayatsucii
Thu Nov 09 07:29:07 +0000 2023,1722516653920194967,"Lagi ‚ÄºÔ∏è Pasukan Pampers @IDF menerbitkan  video baru yg menunjukkan operasi darat, yang dilakukan di Jabalia barat, utara Jalur Gaza, dan mengatakan bahwa mereka telah menyita lokasi dan senjata baru milik gerakan Hamas.  itu lihat 2 ekor babi main kuda lumping ................üëá https://t.co/TCFLr8jeoL",3,17,88,180,in,974940271493304320,1722516653920194967,IATeam___,https://twitter.com/IATeam___/status/1722516653920194967,IDF
Thu Nov 09 07:16:06 +0000 2023,1722513377287958897,"Baku Tembak Sengit, Hamas Klaim Hancurkan 6 Tank Israel di Jalur Gaza https://t.co/vXDozHP70Z",1,11,97,470,in,17128975,1722513377287958897,CNNIndonesia,https://twitter.com/CNNIndonesia/status/1722513377287958897,
Thu Nov 09 07:10:07 +0000 2023,1722511873336344732,Jokowi Ungkap Diutus OKI Temui Biden buat Setop Perang Israel-Hamas https://t.co/tYEptSYLSu,48,239,52,315,in,17128975,1722511873336344732,CNNIndonesia,https://twitter.com/CNNIndonesia/status/1722511873336344732,
Thu Nov 09 07:03:26 +0000 2023,1722510189721514482,"Ambasaderi wa Israel mu Rwanda, Einat Weiss, yatangaje ko igihugu cye gifata Umutwe wa Hamas wo muri Gaza nk‚Äôuw‚Äôiterabwoba kandi ukwiriye kurandurwa, nk‚Äôuko u Rwanda rubona uwa FDLR ubarizwa mu mashyamba yo mu Burasirazuba bwa Congo. https://t.co/09GW3sGhEw https://t.co/DJAlSMteYy",5,53,45,509,in,73877533,1722510189721514482,IGIHE,https://twitter.com/IGIHE/status/1722510189721514482,
Thu Nov 09 06:58:34 +0000 2023,1722508966557851796,Pasukan‚ÄºÔ∏è Israel berhasil merebut... Wilayah kekuasaan teroris selokan hamas... Gaza utara.   Per 3 hari lalu... Praktis hamas kehilangan kontrol. https://t.co/qZcWhx4gvS,5,49,75,286,in,1265895268936904709,1722508966557851796,_MbakSri_,https://twitter.com/_MbakSri_/status/1722508966557851796,
Thu Nov 09 06:42:55 +0000 2023,1722505026206396891,Tentara Israel gaya Rambo tak sadar ada sniper dari Hamas https://t.co/HLlZQlrce4,15,164,32,152,in,1677300906805846016,1722505026206396891,denmaswahab,https://twitter.com/denmaswahab/status/1722505026206396891,
Thu Nov 09 05:58:49 +0000 2023,1722493926832226728,Tempat persembunyian teroris hamas Pecundang  Perang koq ngumpet  https://t.co/6BrWZRiohx,11,131,70,230,in,1084315822464462854,1722493926832226728,Pejuang__rupiah,https://twitter.com/Pejuang__rupiah/status/1722493926832226728,
Thu Nov 09 05:51:02 +0000 2023,1722491969388368308,"Ide cemerlang Pak Anies utk Palestina , utk mempersatukan Palestina akan membawa generasi muda/anak2 dari berbagai faksi (hamas, fattah dll) utk datang ke Indonesia utk belajar di Indonesia.  Duh, capres kog sebriliant ini idenya , masyaAllah!! https://t.co/OgsuGWqcPi",6,18,170,482,in,1603593688005115905,1722491969388368308,Malika6027,https://twitter.com/Malika6027/status/1722491969388368308,
Thu Nov 09 05:42:21 +0000 2023,1722489784843764218,"Menteri Luar Jordan, Ayman Safadi: Hamas adalah ideologi yang tidak akan terhenti walau apa pun terjadi, dan sesiapa yang mahukan situasi berbeza mesti memenuhi hak rakyat Palestin. https://t.co/hIXbeoDw1L",0,3,269,530,in,250066452,1722489784843764218,numanmazlan,https://twitter.com/numanmazlan/status/1722489784843764218,
Thu Nov 09 05:29:31 +0000 2023,1722486556399907137,Yariel penembak jitu Zionis IDF memiliki tingkat keberhasilan 100% hingga musuhnya memiliki senjata.  Dia Tewas di tembus peluru penembak jitu Hamas. Ada kemungkinan Yariel masih bersama IDF jika dia tidak fokus menembak tempurung lutut anak-anak Palestina.,0,4,75,162,in,1182582278,1722486556399907137,HukumDan,https://twitter.com/HukumDan/status/1722486556399907137,
Thu Nov 09 05:27:09 +0000 2023,1722485960099946520,"KBBI: kualat/ku¬∑a¬∑lat/ adalah mendapat bencana (krn berbuat kurang baik kpd orang lain) atau kena tulah.  Gambar atas: Seleberasi atas pembantaian bangsa Israel oleh Hamas di kota Gaza  Gambar bawah: Dgn kepala tertunduk, mereka yg selebrasi berbaris, jalan, tinggalkan kota Gaza https://t.co/VG3sZzjJCO",11,71,113,297,in,795498951336075264,1722485960099946520,SammiSoh,https://twitter.com/SammiSoh/status/1722485960099946520,
Thu Nov 09 05:22:29 +0000 2023,1722484784906313911,"Media Arab: 8 Pemimpin Hamas Tinggalkan Gaza dan Hidup Mewah  Ini berita Republika. Ngutip dari Yedioth Ahronoth, Koran Israel.  Berani bener ya kalian Republika. Apa kalian gak takut dicap agen zionis, dicap yahudi pesek, dicari alamat rumah diajak ngopi""??  Pendukung Hamas yg‚Ä¶ https://t.co/eCuV43KTo6""",28,188,192,465,in,33456112,1722484784906313911,muchlis_ar,https://twitter.com/muchlis_ar/status/1722484784906313911,
Thu Nov 09 05:09:44 +0000 2023,1722481574095335669,"Israel ngasih jendela waktu agar warga sipil di Gaza Utara mengevakuasi diri ke Selatan.   Maksudnya, Israel menegaskan mereka hanya memburu hamas. Bukan menarget warga sipil.  Ini fakta yang dilihat CNN.  Di medsos banyak yg melihat dari sisi lain: ini pengusiran massal. Ini‚Ä¶",99,594,213,617,in,33456112,1722481574095335669,muchlis_ar,https://twitter.com/muchlis_ar/status/1722481574095335669,
Thu Nov 09 04:52:08 +0000 2023,1722477145782694137,"@VIVAcoid Gila ya orang ini hebat bgt, lebih hapal oknum hamas korupsi di bandingin oknum pejabat kongkalikong mempertahankan kekuasaan ü§£ü§£ü§£",0,3,5,140,in,1651962667773595648,1722471620231794740,RevaldiRevv,https://twitter.com/RevaldiRevv/status/1722477145782694137,VIVAcoid
Thu Nov 09 04:30:10 +0000 2023,1722471620231794740,Arrazy Hasyim Ungkap Ada Oknum Hamas Selewengkan Uang Hasil Donasi untuk Palestina https://t.co/qAFuozLS3J #trending,65,494,94,402,in,41730943,1722471620231794740,VIVAcoid,https://twitter.com/VIVAcoid/status/1722471620231794740,
Thu Nov 09 03:47:36 +0000 2023,1722460905760534547,"Yg mengatakan tdk pro Hamas, coba dengar mbak bule ini. Juga yg sering menyalahkan Hamas/ membela IsraHell,kenapa IsraHell tetap menyerang west bank/tepi barat Palestina pdhl disana tdk ada Hamas. Intinya Zionist IsraHell biadab. @corbuzier #IsraeliNewNazism   #IsraeliNewNazism https://t.co/XzSbSLOrnI",16,10,545,649,in,1364716516751544321,1722460905760534547,QKhalita,https://twitter.com/QKhalita/status/1722460905760534547,corbuzier
Thu Nov 09 03:44:12 +0000 2023,1722460050378354886,"Buya Arrazy Dirujak Netizen Gegara Salahkan Hamas, Bang Onim: Ilmunya soal Isu Palestina Baru 1 Persen https://t.co/lR7KWB2tFV",5,47,72,269,in,3319260420,1722460050378354886,geloraco,https://twitter.com/geloraco/status/1722460050378354886,
Thu Nov 09 03:36:18 +0000 2023,1722458062026678601,"üì¢Diketahui tentang kematian Barib Yariel, penembak jitu terbaik Zionis israhell dari unit khusus Givati, yang tergabung dlm tentara Israel pada tahun 2012. Dibunuh oleh penembak jitu Al Qassam -Hamas.‚Äå‚Äå   sumber : vorposte https://t.co/aGmVBezASf",3,21,277,895,in,974940271493304320,1722458062026678601,IATeam___,https://twitter.com/IATeam___/status/1722458062026678601,
Thu Nov 09 03:28:42 +0000 2023,1722456150598439334,"@Hilmi28 terlepas dari AI atau bukan , tp visual mereka emang masyaAllah sih . trus mentalnya jg udh terbina. ada yg dr anak kehilangan keluarga trus masuk ke hamas . terlepas dr pro kontra apapun, hanya Allah yg tau. dan semoga kebenaran selalu di lindungi oleh Allah,""",0,3,7,172,in,1333580950446305281,1722438800566321462,xinyuthingker,https://twitter.com/xinyuthingker/status/1722456150598439334,Hilmi28
Thu Nov 09 03:20:00 +0000 2023,1722453960878174471,"@fotodakwah Ustadz Khalid Basalamah hafidzahullah bukan pengecut spt segerombolan pendaku salafy yg bicara buruk ttg Palestina dan pejuang mereka Hamas dan ngaku ustadz pulak kek si bajre yg punya kaidah rumah elo dirampas elo mesti HIJRAH, sembari lempar fitnah Hamas sbg rafidhah https://t.co/HWTCONahmZ",0,7,51,184,in,1324123230836199424,1722257442271367208,RullyPe,https://twitter.com/RullyPe/status/1722453960878174471,fotodakwah
Thu Nov 09 03:18:44 +0000 2023,1722453639707427171,"Poin2 Hillary Clinton, mantan Menlu AS:  -Tgl 6 oktober Israel-HAMAS ternyata sdh gencatan senjata.   -Tgl 7 oktober HAMAS melanggarnya.   -HAMAS telah berkali2 langgar gencata senjata   -HAMAS sdh terkenal gunakan warga Gaza sbg alat  -Gencatan senjata prematur untungkan HAMAS",5,23,73,149,in,1638057787887603713,1722453639707427171,bnsphrxyz,https://twitter.com/bnsphrxyz/status/1722453639707427171,
Thu Nov 09 03:13:45 +0000 2023,1722452389092102583,"Ini baru namanya Pemimpinüëç  Kisah Penutup Wajah Pasukan Hamas Oleh: Yons Achmad (Kolumnis, tinggal di Depok)  Semalam, kajian pekanan kami penuh haru, mata berkaca-kaca. Sang gurunda bercerita, tentang bagaimana kisah Palestina, terutama dengan Hamas-nya, benar-benar bisa‚Ä¶ https://t.co/Md4D3U5G5s",38,101,1565,3850,in,1429787631496220677,1722452389092102583,ommi_siregar,https://twitter.com/ommi_siregar/status/1722452389092102583,
Thu Nov 09 02:28:39 +0000 2023,1722441036465893794,"entah terbuat dari apa hati dan otak duo belatung"" ini, begitu keji memfitnah HAMAS? https://t.co/3Vi9y5d3Pt""",31,237,537,1567,in,1682598502541688832,1722441036465893794,BSbukit,https://twitter.com/BSbukit/status/1722441036465893794,
Thu Nov 09 02:23:55 +0000 2023,1722439846990594542,Contoh pendukung Hamas rata-rata lingkar otaknya kecil. Bisanya meerusak periuk nasi orang-orang jujur. Selamat menghitung hari di penjara.,6,52,52,180,in,1451314964174491652,1722439846990594542,LoudMinorities,https://twitter.com/LoudMinorities/status/1722439846990594542,
Thu Nov 09 01:57:25 +0000 2023,1722433176205975726,"Setelah dibom bbrp terowongan bawah tanah, Hamas akhirnya keluar dari got dan bertempur di atas tanah  Tentara2 Hamas ini berperang dgn pekik2 takbir spt biasa. Pekik2 ini mmpermudah IDF utk menitik lokasi setiap tentara Hamas krn IDF membawa LVMMO Parabolic Microphone Bionic Ear https://t.co/QDI5q0QMrO",11,71,113,346,in,795498951336075264,1722433176205975726,SammiSoh,https://twitter.com/SammiSoh/status/1722433176205975726,
Thu Nov 09 01:43:09 +0000 2023,1722429587295216124,"@Greschinov Ini pada 7 Okt Hamas menyerang, banyak tentara dan polisi Israel mati. Terus Israel melakukan penghancuran yang lebih parah ke rumah warganya sendiri terus yang dikambing hitamkan adalah Hamas.   Playing victim terus Israel ini.",3,9,107,1063,in,2758514019,1722341337830506525,ayatsucii,https://twitter.com/ayatsucii/status/1722429587295216124,Greschinov
Thu Nov 09 01:41:07 +0000 2023,1722429077657628871,VIDEO SEBELUM 7 OKT ==================  Terlihat IDF berbaur bersama para pekerja dari Gaza bersenda gurau bagikan amplop gaji $2500 per bulan msg2.  Tgl 7 oktober warga Gaza berkomplot dgn HAMAS membantai warga Israel.  WARGA GAZA MEMBERAKI PIRING WADAH MEREKA MAKAN,11,43,86,212,in,1638057787887603713,1722429077657628871,bnsphrxyz,https://twitter.com/bnsphrxyz/status/1722429077657628871,
Thu Nov 09 01:34:05 +0000 2023,1722427304994054576,@Greschinov Dan Hamas mematahkan mitos bahwa Tank Merkava Untouchable,1,4,16,405,in,787051280,1722299140284309899,Roastery_expert,https://twitter.com/Roastery_expert/status/1722427304994054576,Greschinov
Thu Nov 09 00:17:57 +0000 2023,1722408145748971548,"üö®üáÆüá± Salah satu penembak jitu terbaik Israel, Barib Yariel, baru saja dibunuh oleh penembak jitu Hamas.  Yariel memiliki tingkat keberhasilan 100% tapi tumbang saat duel dengan sniper Hamas. https://t.co/4nGDFN699j",36,118,585,1597,in,2256063276,1722408145748971548,SoftWarNews,https://twitter.com/SoftWarNews/status/1722408145748971548,
Wed Nov 08 23:50:46 +0000 2023,1722401303530488267,"Mmh Muisraeli akijiroga aache makombora, aende front na askari wa miguu tu, Gaza hatoboi!   Wanyambilis wa Hamas wako vyedi‚Ä¶   Vita itafika pabaya sana. God protect the kids",2,23,8,192,in,109200646,1722401303530488267,Wakazi,https://twitter.com/Wakazi/status/1722401303530488267,
Wed Nov 08 23:49:55 +0000 2023,1722401089415430437,Team Hamas,2,19,44,265,in,232519990,1722401089415430437,nspector4,https://twitter.com/nspector4/status/1722401089415430437,
Wed Nov 08 23:14:23 +0000 2023,1722392151034560631,"Netanyahu tau Hamas membuka kesempatan untuk tukar tawanan tapi dia memilih untuk terus membombardir Gaza. Bahkan, beberapa tawanan dari warganya tewas. Kenapa Netanyahu lakukan itu? Karena satu2nya tujuan perang ini adalah mencaplok Gaza. Alasan tawanan itu cuma omong kosong.",1,2,91,158,in,230313497,1722392151034560631,hasmibakhtiar,https://twitter.com/hasmibakhtiar/status/1722392151034560631,
Wed Nov 08 23:00:55 +0000 2023,1722388760351158584,"Media Israel: Untuk pertama kalinya dalam 40 tahun, seluruh pasukan cadangan Israel dikerahkan untuk bertempur di Jalur Gaza.  Sementara Hamas belum menunjukkan semua kekuatannya!! https://t.co/aNhBxQWyrM",17,43,524,1260,in,2256063276,1722388760351158584,SoftWarNews,https://twitter.com/SoftWarNews/status/1722388760351158584,
Wed Nov 08 22:58:42 +0000 2023,1722388202554814656,"Berkali2 sy bilang: yg angkat senjata di Gaza tdk hanya Hamas, tp seluruh faksi p'juangan Palestina. Jd, kalo ada webinar/berita yg judulnya msh Israel vs Hamas"", Anda bisa kritik. Yg betul: Israel vs PALESTINA. Video: serangan militan Saraya Al Quds dr PIJ ke tank Israel.""",1,0,110,196,in,1490536743137087490,1722388202554814656,dina_sulaeman,https://twitter.com/dina_sulaeman/status/1722388202554814656,
Wed Nov 08 22:41:47 +0000 2023,1722383944824533175,"Liputan langsung dari Hamas,  Pertempuran dengan pasukan dajjal laknatullah di Gaza. Perang kota. Israel tidak punya infantri. Ranpur mereka bulan2an AQ.  (Al-Anfal:17 selalu di lisan mujahid Al-Qassam)  https://t.co/jzfqOehaDQ #SahabatPalestina_ID  #GazaVictory  #FreePalestine",15,67,343,692,in,1334070788060631040,1722383944824533175,RagilSemar,https://twitter.com/RagilSemar/status/1722383944824533175,
Wed Nov 08 21:50:20 +0000 2023,1722370997872128262,"@Greschinov Untuk masalah sandera itu setahu saya hamas sendiri sudah memberikan syarat jalur diplomasi melalui pertukaran sandera, tapi Netanyahu tidak mau menanggapi dan lebih memilih jalur kekerasan, Netanyahu cuman mau sandera dilepaskan tanpa syarat",1,3,37,246,in,97341140,1722341337830506525,fuusen_gum,https://twitter.com/fuusen_gum/status/1722370997872128262,Greschinov
Wed Nov 08 21:33:18 +0000 2023,1722366710173347992,"Hassan Eslaiah, an AP/CNN photographer, with Hamas leader Yahya Sinwar. https://t.co/XflFFNoR75",500,1000,5738,16560,in,1222773302441148416,1722366710173347992,visegrad24,https://twitter.com/visegrad24/status/1722366710173347992,
Wed Nov 08 20:25:43 +0000 2023,1722349704464265558,Isra'ila da Hamas sun tafka laifukan ya∆ôi - MDD  ∆òarin bayani - https://t.co/vYmCUckT2B https://t.co/EW2klVvKJs,0,16,12,189,in,18168536,1722349704464265558,bbchausa,https://twitter.com/bbchausa/status/1722349704464265558,
Wed Nov 08 20:17:35 +0000 2023,1722347657128034419,Ya Allah! üò±  Die Hamas hat JFK ermordet!,0,8,8,129,in,1310993859258834944,1722347657128034419,Fianna_Saoirse,https://twitter.com/Fianna_Saoirse/status/1722347657128034419,
Wed Nov 08 20:16:07 +0000 2023,1722347286590599310,"Waziri wa Mambo ya Nje wa Jordan, Ayman Safadi: Hamas ni wazo ambalo haliwezi kusitishwa. Iwapo yeyote anataka kubadilisha hali hiyo, atimize haki za watu wa Palestina. https://t.co/tgyZ6Qh9M8",1,8,18,302,in,1377150982077882372,1722347286590599310,siadevinci,https://twitter.com/siadevinci/status/1722347286590599310,
Wed Nov 08 19:57:50 +0000 2023,1722342687247081658,"Netanyahu akataa ombi la Hamas, kwamba hakuna kisitisha Operation hata Kama wanaachia mateka, asisitiza walipaswa kuomba kutovamiwa kabla ya kufanya Kitendo cha Ugaidi https://t.co/9kWIL5j2pp",0,6,26,231,in,1363848043540459524,1722342687247081658,AbroadTanzania,https://twitter.com/AbroadTanzania/status/1722342687247081658,
Wed Nov 08 19:52:39 +0000 2023,1722341380448759849,"warga yang ditembak oleh IDF karena disandera Hamas, dan warga-milisi yang tewas karena mempertahankan Kibbutz, serta: 3. Ada beberapa kasus di mana beberapa pejuang Hamas melakukan penyerangan terhadap warga sipil.",1,7,118,667,in,59980041,1722341337830506525,Greschinov,https://twitter.com/Greschinov/status/1722341380448759849,
Wed Nov 08 19:52:38 +0000 2023,1722341377621811309,"Kesimpulan: 1. Hamas tidak membunuh 1.400 warga sipil sebagaimana yang didesas-desuskan dan nyaris setengah dari korban penyerangan 7 Oktober adalah militer/polisi. 2. Warga Israel lain yang menjadi korban adalah warga yang ditembak IDF karena dikira Hamas,--",9,5,289,1058,in,59980041,1722341337830506525,Greschinov,https://twitter.com/Greschinov/status/1722341377621811309,
Wed Nov 08 19:52:37 +0000 2023,1722341374811599161,"Bagaimana dengan korban sipil yang benar-benar jadi korban Hamas? Berdasarkan keterangan HRW, setidaknya ada 3 video yang merekam penyerangan Hamas terhadap warga sipil tak bersenjata yang berhasil diverifikasi kebenarannya [11].",0,6,69,544,in,59980041,1722341337830506525,Greschinov,https://twitter.com/Greschinov/status/1722341374811599161,
Wed Nov 08 19:52:37 +0000 2023,1722341371758206992,"Berdasarkan beberapa laporan, bahwa warga sipil diperlakukan baik oleh Hamas. [9][10] Ini sejalan dengan perintah umum petinggi Hamas bahwa jangan menyasar warga sipil.",3,1,121,792,in,59980041,1722341337830506525,Greschinov,https://twitter.com/Greschinov/status/1722341371758206992,
Wed Nov 08 19:52:36 +0000 2023,1722341366792097905,"Berdasarkan dokumentasi di Be'eri dan dinilai dari kerusakan yang terjadi (ditambah dengan keterangan dari saksi mata), pasukan Israel-lah yang paling mungkin membuat kerusakan seluas ini. (Hamas tak mampu membom dengan daya rusak sebesar ini.) https://t.co/FNEbvpnPBe",4,1,183,955,in,59980041,1722341337830506525,Greschinov,https://twitter.com/Greschinov/status/1722341366792097905,
Wed Nov 08 19:52:35 +0000 2023,1722341363516379429,"Yasmin Porat, warga Kibbutz Be'eri, salah satu saksi mata yang berhasil selamat, memberikan kesaksian bahwa tentara Israel menembaki rumah-rumah ke arah pejuang Hamas yang di situ juga ada ratusan warga Israel yang disandera [8].",11,2,133,768,in,59980041,1722341337830506525,Greschinov,https://twitter.com/Greschinov/status/1722341363516379429,
Wed Nov 08 19:52:34 +0000 2023,1722341360215441737,"Selain itu, ada juga warga Israel yang dicegat dan dibunuh IDF karena dikira Hamas. Setidaknya ada 3 kejadian terdokumentasi mengenai ini [6]. IDF juga dilaporkan menembak dari helicopter di antara para sandera dan pejuang Hamas [7]. https://t.co/rdGwxJDdlk",22,5,151,824,in,59980041,1722341337830506525,Greschinov,https://twitter.com/Greschinov/status/1722341360215441737,
Wed Nov 08 19:52:33 +0000 2023,1722341356201558381,"Contohnya milisi warga di Kfar Aza, Melfalsim, dan Nir Am. Mereka adalah warga bersenjata yang melakukan baku tembak, bertahan melawan serangan Hamas dan ada juga di antara warga semacam ini yang terbunuh. [4][5]",1,1,72,651,in,59980041,1722341337830506525,Greschinov,https://twitter.com/Greschinov/status/1722341356201558381,
Wed Nov 08 19:52:32 +0000 2023,1722341353458438187,"Dalam mengambil sandera, Hamas menyerang beberapa Kibbutz. Dalam konteks Israel, Kibbutz adalah wilayah otonom secara ekonomi yg dikerjakan secara komunitas dan warganya juga menjadi milisi yang menjaga Kibbutz tersebut. [3]",1,1,81,687,in,59980041,1722341337830506525,Greschinov,https://twitter.com/Greschinov/status/1722341353458438187,
Wed Nov 08 19:52:31 +0000 2023,1722341347292844139,"Dilaporkan juga bahwa Hamas menyandera ratusan warga Israel. Ini dilakukan dengan alasan bahwa ada 5.300 warga Palestina yang ditahan oleh Israel tanpa keadilan (banyak di antaranya wanita dan anak), sehingga Hamas mengharapkan akan ada penukaran tawanan. https://t.co/njk2wXoPdE",6,3,223,1194,in,59980041,1722341337830506525,Greschinov,https://twitter.com/Greschinov/status/1722341347292844139,
Wed Nov 08 19:52:30 +0000 2023,1722341344767590434,"Misi dari penyerangan ini, sebagaimana yang disampaikan Abu Ubeida, adalah untuk menghancurkan tentara Israel Divisi Gaza di 15 titik utama &amp  10 titik militer lainnya. [2] Di sini jelas bahwa niat utama Hamas adalah untuk menarget IDF, bukan membantai warga sipil.",1,7,159,1144,in,59980041,1722341337830506525,Greschinov,https://twitter.com/Greschinov/status/1722341344767590434,
Wed Nov 08 19:52:29 +0000 2023,1722341340997161430,"Pertama, kita harus melihat serangan ini dalam konteks konflik Palestina-Israel secara menyeluruh. Hamas melakukan serangan ini dalam konteks pembalasan atas penistaan Masjid al-Aqsa, blokade Jalur Gaza, dan pemukiman ilegal Israel di Tepi Barat. [1]",2,9,171,1385,in,59980041,1722341337830506525,Greschinov,https://twitter.com/Greschinov/status/1722341340997161430,
Wed Nov 08 19:52:29 +0000 2023,1722341337830506525,"Apakah Hamas benar-benar membantai 1.400 warga sipil dalam serangan 7 Oktober? Jawabannya: tidak. Sudah sebulan lebih sejak serangan Hamas ke Israel dan berbagai hasil investigasi sudah dipublikasikan, sebenarnya apa yang terjadi pada hari itu? Berikut ini ulasannya. (A thread) https://t.co/wOgekcxPUW",169,173,11971,30891,in,59980041,1722341337830506525,Greschinov,https://twitter.com/Greschinov/status/1722341337830506525,
Wed Nov 08 19:27:27 +0000 2023,1722335040497938890,"Kiongozi mkuu wa Hamas, Saleh al-Arouri anasema 'tunapaswa kujadili Gaza inayokaliwa kwa mabavu, na sio mawazo ya Gazs baada ya kuondoa Hamas.   Aliongeza kuwa ‚Äòwafungwa wetu wote wanapaswa kuachiliwa kutoka kwenye magereza ya Israeli na hii ni haki yetu.‚Äô https://t.co/XpdB5FQj2P""",0,0,6,208,in,1377150982077882372,1722335040497938890,siadevinci,https://twitter.com/siadevinci/status/1722335040497938890,
Wed Nov 08 18:28:52 +0000 2023,1722320298429788458,"üáµüá∏üáÆüá± Conflict Update  Alhamdulillah Allah Akbar!!!  Cuplikan kemenangan demi kemenangan #Hamas #AlQassam terus diberikan, tidak seperti #IsraHell yang memberikan propaganda demi propaganda.  Mujahidin Al-Qassam menghadapi pasukan yang menginvasi area utara dan selatan Kota #Gaza‚Ä¶ https://t.co/a7URmyKguf",11,26,423,1102,in,113764464,1722320298429788458,Avolanza,https://twitter.com/Avolanza/status/1722320298429788458,
Wed Nov 08 18:00:49 +0000 2023,1722313239131001024,"üáµüá∏üáÆüá± Conflict Update  Allahu Akbar, Segala Puji Sungguh Hanya Milik Allah, Yang telah memberikan kemenangan atas #IsraHell kepada #Hamas dengan Brigade Izzuddin #AlQassam   Semoga Allah SWT terus memenangkan para mujahidin dan menyelamatkan #Palestine dari invasi #Zionist yang‚Ä¶ https://t.co/3oE9UVDRUQ",35,54,1126,2355,in,113764464,1722313239131001024,Avolanza,https://twitter.com/Avolanza/status/1722313239131001024,
Wed Nov 08 17:38:46 +0000 2023,1722307687676092481,"@aryuno_ @tanyakanrl maksudnya dibiarin sama hamas? selama ini mereka ga ngungsi soalnya tiap ngungsi ditungguin sama tentara zionis dan dibunuhin, jd mereka yg mau ngungsi salah, mau stay salah, bukan karna gaboleh sama hamas. emg narasi dari mana ya kak kok dibilang ga boleh dibolehin sama hamas?",0,2,4,255,in,2558925121,1722297065026535487,wanseuwanseu,https://twitter.com/wanseuwanseu/status/1722307687676092481,"aryuno_, tanyakanrl"
Wed Nov 08 17:21:40 +0000 2023,1722303384676659425,"üáµüá∏üáÆüá± Conflict Update  Kekalahan demi Kekalahan dialami oleh #Israel   #Hamas memperlihatkan rekaman terbaru penghancuran kendaraan lapis baja #IsraHell di daerah perkotaan #Gaza, #Palestine.  Allahu Akbar!!  #FreePalestine #ConflictUpdate https://t.co/4f0ncskfyV",3,13,189,497,in,113764464,1722303384676659425,Avolanza,https://twitter.com/Avolanza/status/1722303384676659425,
Wed Nov 08 17:09:16 +0000 2023,1722300262428082677,PT ‚ù§Ô∏è HAMAS,0,8,25,229,in,41280003,1722300262428082677,RafaelFontana,https://twitter.com/RafaelFontana/status/1722300262428082677,
Wed Nov 08 17:04:56 +0000 2023,1722299174618800460,"Peperangan di atas tanah juga tak kalah mengerikannya. Hamas banyak membangun tempat-tempat pertahanan dan sniper di antara reruntuhan, yang siap menyerang tank dan tentara Israel kapan saja. Israel benar-benar dihadapkan dengan perang di Stalingrad"" versi modern. https://t.co/fqWfMH5Jti""",1,1,58,569,in,59980041,1722299140284309899,Greschinov,https://twitter.com/Greschinov/status/1722299174618800460,
Wed Nov 08 17:04:55 +0000 2023,1722299171494056261,"Diperkirakan Hamas telah membuat terowongan yang lebih canggih dan ekstensif ketimbang pada tahun 2014 sehingga perang ini tak hanya memakan waktu lama, tetapi membawa bayaran psikologis bagi tentara Israel.",0,1,35,424,in,59980041,1722299140284309899,Greschinov,https://twitter.com/Greschinov/status/1722299171494056261,
Wed Nov 08 17:04:55 +0000 2023,1722299168771965001,Terlebih saat ini Hamas memasukkan para sandera ke terowongan mereka. Alhasil Israel tidak bisa begitu saja membom terowongan dan harus memastikan bahwa terowongan itu benar-benar sudah steril.,1,4,28,379,in,59980041,1722299140284309899,Greschinov,https://twitter.com/Greschinov/status/1722299168771965001,
Wed Nov 08 17:04:54 +0000 2023,1722299165517238475,"Kepanikan dalam kegelapan dan sempitnya terowongan membawa penderitaan psikologis tersendiri bagi tentara Israel, di sisi lain Hamas tahu betul di bagian mana mesti mencegat dan melancarkan pembantaian"" terhadap IDF yang sedang mencari mereka. https://t.co/278FPlMWej""",5,1,41,477,in,59980041,1722299140284309899,Greschinov,https://twitter.com/Greschinov/status/1722299165517238475,
Wed Nov 08 17:04:53 +0000 2023,1722299161197047940,"Israel mengalaminya pada tahun 2014. Pada saat itu tentara Israel sedang getol-getolnya mencari terowongan Hamas, masuk ke dalamnya, dan meletakkan bom untuk kemudian terowongan itu dihancurkan. Tak jarang saat masuk ke terowongan gelap itu tentara Israel ditembaki tiba-tiba. https://t.co/gXLugwqTAe",2,2,44,378,in,59980041,1722299140284309899,Greschinov,https://twitter.com/Greschinov/status/1722299161197047940,
Wed Nov 08 17:04:52 +0000 2023,1722299157501849659,"Berperang melawan Hamas di terowongan adalah mimpi buruk yang terulang bagi pasukan Israel, salah satu pasukan Israel pernah mengatakan bahwa memerangi Hamas seperti berperang dengan hantu, Mereka dapat melihatmu, tapi kamu tak dapat melihat mereka."" https://t.co/5CzBO3pOGB""",20,2,94,714,in,59980041,1722299140284309899,Greschinov,https://twitter.com/Greschinov/status/1722299157501849659,
Wed Nov 08 17:04:51 +0000 2023,1722299154045792529,"Kota Gaza sendiri bukanlah wilayah yang luas, dalam menaklukan wilayah sekecil itu, menteri pertahanan Israel menyatakan bahwa perang ini akan memakan waktu lama, mungkin berbulan-bulan. Hal ini disebabkan tentara Hamas yang memiliki mobilitas tinggi dan bergerilya di terowongan. https://t.co/gy9CR7RhAh",4,1,37,490,in,59980041,1722299140284309899,Greschinov,https://twitter.com/Greschinov/status/1722299154045792529,
Wed Nov 08 17:04:49 +0000 2023,1722299143799124373,"Invasi ke Gaza merupakan pembalasan Israel terhadap serangan Hamas 3 minggu sebelumnya. Serangan Hamas 7 Oktober disebut-sebut sebagai 9/11 versi Israel dan benar-benar mengguncang negara tersebut. Netanyahu bersumpah"" takkan menghentikan perang sebelum para sandera dilepaskan. https://t.co/exi5I7b5QJ""",17,3,29,298,in,59980041,1722299140284309899,Greschinov,https://twitter.com/Greschinov/status/1722299143799124373,
Wed Nov 08 17:04:48 +0000 2023,1722299140284309899,"Pada tanggal 27 Oktober 2023, Israel menginvasi Jalur Gaza dengan misi menumpas Hamas sampai ke akar-akarnya. Perang ini membawa risiko yang sangat besar dan dapat menjadi mimpi buruk bagi tentara Israel. Kok bisa? (A thread) https://t.co/oV71NPd2QV",29,37,2367,10209,in,59980041,1722299140284309899,Greschinov,https://twitter.com/Greschinov/status/1722299140284309899,
Wed Nov 08 16:57:58 +0000 2023,1722297419415826635,"@tanyakanrl Loh ini sekarang akhirnya ngungsi? Udah dibiarin sama hamas? Kalo mereka keluar gaza, gaza pasti diratain trus dicaplok israel, mereka gabisa balik gaza lagiü•≤ Tapi kalo tetep di sana juga dibom terusü•≤",3,40,61,3754,in,1408120395694166021,1722297065026535487,aryuno_,https://twitter.com/aryuno_/status/1722297419415826635,tanyakanrl
Wed Nov 08 16:43:06 +0000 2023,1722293680957264206,Waziri wa mambo ya nje wa Israel aambia bunge la EU kuwa vita dhidi ya Hamas ni 'vita vya ulimwengu huru' na Vita haijaanza rasmi maana Ni maandalizi tu ya Vita https://t.co/VgtknVVrAN,0,19,21,374,in,1363848043540459524,1722293680957264206,AbroadTanzania,https://twitter.com/AbroadTanzania/status/1722293680957264206,
Wed Nov 08 16:12:37 +0000 2023,1722286009495208397,@lisanandy Condemn hamas,1,8,3,132,in,1678352101422841858,1722281162242957427,Europe_not_eu,https://twitter.com/Europe_not_eu/status/1722286009495208397,lisanandy
Wed Nov 08 16:09:30 +0000 2023,1722285222614687870,Pejuang Hamas menyerang tentera Israel......tentera Israel menyerang orang awam.......  Tapi Hamas pula dilabel pengganas.......,5,6,483,385,in,289976069,1722285222614687870,mynewshub,https://twitter.com/mynewshub/status/1722285222614687870,
Wed Nov 08 16:05:48 +0000 2023,1722284293106384942,"18+   Shunaqa konchenniy munofiq toifa bor. Isroilni xunrezliklari haqida sukut qilib, tinmasdan hamas, arablarni yomonlab ular  haqida gapiradi. Yana, ¬´man isroilni taraf emasman¬ª deb qo‚Äôyadi. Durex sifatli bo‚Äôlganda edi, sandaka no‚Äôxotmiyalar kamroq bo‚Äôlardi.",5,15,4,172,in,455573118,1722284293106384942,rastashep,https://twitter.com/rastashep/status/1722284293106384942,
Wed Nov 08 15:38:05 +0000 2023,1722277318977306937,#ISRAEL mengklaim #Hamas  MENGHANCURKAN ratusan mobil ini di Nova Music Festival.  üö®üáÆüá± Faktanya  Hamas dipersenjatai senapan dan paragliding.  Mereka tidak melakukan ini ‚Äî ISRAEL MELAKUKANNYA! @jacksonhinklle  #Zionis ingin mencuri simpati dunia tapi gagal! https://t.co/Jttsuw5TuU,9,18,603,545,in,65991060,1722277318977306937,hidcom,https://twitter.com/hidcom/status/1722277318977306937,jacksonhinklle
Wed Nov 08 15:27:33 +0000 2023,1722274666809811029,Israel inavyoharibu  ma handaki ya Hamas ! Mpaka sasa wameharibu handaki 130 Mpaka mchana wa leo https://t.co/nRBtgPlRb8,1,17,49,335,in,1363848043540459524,1722274666809811029,AbroadTanzania,https://twitter.com/AbroadTanzania/status/1722274666809811029,
Wed Nov 08 15:22:06 +0000 2023,1722273293510807991,"üáÆüá± üáµüá∏ Dilaporkan Hamas telah memberikan tiket terusan kepada seorang kolonel Israel untuk menghadap malaikat Izrail. kolonel tersebut di kabarkan anggota unit Shaldag, menunggu klarifikasi IDF.",2,25,172,991,in,497234852,1722273293510807991,yo2thok,https://twitter.com/yo2thok/status/1722273293510807991,
Wed Nov 08 15:10:44 +0000 2023,1722270435906371830,Kelompok Pejuang Palestina Hamas = Pejuang Kemerdekaan Indonesia  #FreePalestine #OpIsrael #BDS #IsraeliTerrorists #IsraeliCrimes #Palestine #FreeGaza #FreePalestineNow #GenocideinGaza https://t.co/e9ghbIutsx,5,9,375,580,in,1476693997,1722270435906371830,MCAOps,https://twitter.com/MCAOps/status/1722270435906371830,
Wed Nov 08 14:53:31 +0000 2023,1722266103538503814,üáÆüá± üáµüá∏ Israel telah menggunakan F-35 untuk membom Gaza.  ‚û°Ô∏è Mungkin Israel takut F-16 nya rontok lagi di tembak jatuh Hamas. https://t.co/H3REXaOff9,2,13,128,465,in,497234852,1722266103538503814,yo2thok,https://twitter.com/yo2thok/status/1722266103538503814,
Wed Nov 08 14:49:56 +0000 2023,1722265201729470974,"@Marchfoward Asyik kata dah jumpa tapi dari dulu tak dapat pun kalahkan Hamas. Dahlah  kat dunia kalah, akhirat masuk neraka.",0,1,34,186,in,403234968,1722257736212304236,FadQuadra,https://twitter.com/FadQuadra/status/1722265201729470974,Marchfoward
Wed Nov 08 14:37:08 +0000 2023,1722261979698704851,"Dilaporkan  kematian Barib Yariel, penembak jitu terbaik dari unit khusus Givati @IDF , yang masuk tentara Israel pada tahun 2012.  Tewas oleh penembak jitu Hamas.‚Äå‚Äå #FreePalestineFromIsrael https://t.co/mF8cpd0gND",7,33,131,327,in,1417079987614588931,1722261979698704851,thekuxell,https://twitter.com/thekuxell/status/1722261979698704851,IDF
Wed Nov 08 14:36:25 +0000 2023,1722261799909867809,"Dalam 24 jam terakhir, pasukan pejuang Palestina Brigade Al-Qassam Hamas, berhasil menghancurkan 15 kendaraan militer penjajah Zionist Israel.  #FreePalestine #FreePalestineNow #OpIsrael #SavePalestine #BDS #IsraeliCrimes #GenocideinGaza #IsraeliTerrorists #Palestine https://t.co/VxbfANSYFq",11,23,616,1454,in,1476693997,1722261799909867809,MCAOps,https://twitter.com/MCAOps/status/1722261799909867809,
Wed Nov 08 14:33:51 +0000 2023,1722261152250638770,"@LoudMinorities @J__Thomasz yaudah mana buktinya hamas memperk*sa? bukti akademik ya, bukan bukti jurnalistik krn bukti jurnalistik pun bisa direkayasa sama mereka (terbukti dari reporter cnn nyebarin hoax tentang 40 beheaded babies)  dari kmrn tiap dimintain bukti gabisa ngasih bukti wkwkwk loser behaviour",0,7,20,246,in,1355480592754741252,1722070409108181438,cicadust,https://twitter.com/cicadust/status/1722261152250638770,"LoudMinorities, J__Thomasz"
Wed Nov 08 14:23:38 +0000 2023,1722258582962602332,"@Marchfoward Hanya orang jahil saja percaya ini terowong Hamas. Ianya antara,   1. Fake tunnel by Hamas. 2. Fake tunnel by Israel. Buat sendiri lepas tu destroy then kata Hamas punya terowong.   Ada terowong sedalam kubur ja. Ingat Hamas bodoh mcm depa ü§£",0,2,103,628,in,2955691826,1722257736212304236,fahmyumar,https://twitter.com/fahmyumar/status/1722258582962602332,Marchfoward
Wed Nov 08 14:21:20 +0000 2023,1722258003230093770,Hamas sniper vs Israeli sniper :,5,31,325,1504,in,219433787,1722258003230093770,ME_Observer_,https://twitter.com/ME_Observer_/status/1722258003230093770,
Wed Nov 08 14:20:16 +0000 2023,1722257736212304236,"TERKINI  IDF memaklumkan menjumpai 130 pintu dan terowong di Gaza sejak operasi darat bermula  Kor Kejuruteraan Tempur IDF sedang bekerja keras untuk membersihkan laluan bagi membolehkan Tentera Darat melalui kawasan itu, mengesan dan memusnahkan aset Hamas termasuk terowong dan‚Ä¶ https://t.co/0NoJDoYjFf",81,85,852,1480,in,2194068895,1722257736212304236,Marchfoward,https://twitter.com/Marchfoward/status/1722257736212304236,
Wed Nov 08 14:09:37 +0000 2023,1722255052419833892,"Klaim media Israel: Hizbullah dalam percakapan dengan para pemimpin Hamas, mengatakan bahwa mereka akan menyerang dan merebut pemukiman utara rezim Apartheid Israel dalam beberapa hari ke depan. https://t.co/NvF6XOgkMF",0,9,89,361,in,2256063276,1722255052419833892,SoftWarNews,https://twitter.com/SoftWarNews/status/1722255052419833892,
Wed Nov 08 13:17:19 +0000 2023,1722241892094771670,Habib Rizieq Syihab : Hamas Pejuang üáµüá∏ - Israel Pecundang üëé https://t.co/HKr3rW5N8e,2,7,334,601,in,1364378082983878656,1722241892094771670,Elz4m_,https://twitter.com/Elz4m_/status/1722241892094771670,
Wed Nov 08 13:15:01 +0000 2023,1722241312936828965,"üáµüá∏ üáÆüá± Conflict Update  Kata-kata dari seorang prajurit Mesir untuk #Palestina ‚ù§Ô∏è  Demi Allah, para pria dalam Tentara Mesir memiliki perasaan yang sama, mereka ingin terbuka untuk #Palestine dan bersedia berjuang bersama dengan #Hamas.   Jika perintah dikeluarkan, mereka akan‚Ä¶ https://t.co/7sMG1I4iuL",6,24,284,608,in,113764464,1722241312936828965,Avolanza,https://twitter.com/Avolanza/status/1722241312936828965,
Wed Nov 08 13:10:50 +0000 2023,1722240261856903669,"Hamas pejuang kemerdekaan? What the fuck?   Pejuang kemerdekaan Indonesia tidak membantai orang renta, bayi, memperkosa dan membunuh perempuan Belanda.",10,29,36,113,in,967230367685009408,1722240261856903669,ahmedasarlan,https://twitter.com/ahmedasarlan/status/1722240261856903669,
Wed Nov 08 13:08:14 +0000 2023,1722239604689133762,Jika evakuasi warga ini dilakukan HAMAS 3 minggu lalu ga mgkn jatuh bnyk korban.  Makin jelas yg peduli keselamatan warga Gaza adalah ISRAEL.  MEMALUKAN TERORIS HAMAS,2,43,63,139,in,1638057787887603713,1722239604689133762,bnsphrxyz,https://twitter.com/bnsphrxyz/status/1722239604689133762,
Wed Nov 08 12:53:39 +0000 2023,1722235934580871333,Kapten Unit Sniper Israel yang juga Keponakan Netanyahu Tewas Baku Tembak dengan Hamas https://t.co/zE4Y1NGpAw,1,0,36,155,in,3319260420,1722235934580871333,geloraco,https://twitter.com/geloraco/status/1722235934580871333,
Wed Nov 08 12:45:23 +0000 2023,1722233856361906188,Siasatan digital Al Jazeera berjaya mendedahkan pembohongan Israel yang mendakwa kononnya ada terowong Hamas di bawah Hospital Sheikh Hamad Gaza. Propaganda ini Israel sebarkan untuk halalkan kekejaman mereka mengebom hospital.   https://t.co/Fm634adQcf,14,5,1253,771,in,908651280,1722233856361906188,seketulawan,https://twitter.com/seketulawan/status/1722233856361906188,
Wed Nov 08 11:45:49 +0000 2023,1722218863801352645,Menarik. Kita bandingkan bagaimana narasi dan ancaman dari akun2 yg kontra hamas dan yang mendukung hamas. Secara internasional.,0,14,45,251,in,34075325,1722218863801352645,ismailfahmi,https://twitter.com/ismailfahmi/status/1722218863801352645,
Wed Nov 08 11:40:32 +0000 2023,1722217534014075140,Blinken: Tunawezaje kuwa na usitishaji vita wakati Hamas inashikilia mateka? https://t.co/Yj3R0VxKJB https://t.co/KLjQu7BaEY,2,14,9,218,in,18186609,1722217534014075140,bbcswahili,https://twitter.com/bbcswahili/status/1722217534014075140,
Wed Nov 08 10:54:45 +0000 2023,1722206013007466753,üáÆüá± üáµüá∏ Israel selalu mengebom anak-anak dan rumah sakit tapi tidak pernah berani melawan Hamas?   Karena ini üëá https://t.co/LWaHLrG3w3,31,128,1392,4025,in,497234852,1722206013007466753,yo2thok,https://twitter.com/yo2thok/status/1722206013007466753,
Wed Nov 08 10:52:24 +0000 2023,1722205424324379066,"Hishhh, rupanya Gaza di bom bulan 5 tau. Mei baru catch up sharing dalam channel Palestine ni. üò≠  Siapa yang cakap Hamas attack dulu ni memang patut kena spam dengan semua kejadian ni. Pastu kalau Hamas tak serang balas korang kata jugak Hamas do nothing for their people kan?!",1,0,258,158,in,2477923711,1722205424324379066,prettylupins,https://twitter.com/prettylupins/status/1722205424324379066,
Wed Nov 08 10:51:24 +0000 2023,1722205172733235576,"Rakyat Palestina mencintai Hamas, hanya Buya Ar-Razi aja yang kagak. https://t.co/zJVw8r21ym",5,23,89,569,in,110938064,1722205172733235576,Bianisme,https://twitter.com/Bianisme/status/1722205172733235576,
Wed Nov 08 10:49:09 +0000 2023,1722204604488941842,Hamas melancarkan serangan mematikan terhadap Israel pada tanggal 7 Oktober 2023. Ini adalah salah satu serangan terburuk dalam sejarah Israel sejak negara tersebut berdiri.  Bagaimana Hamas mendapat persenjataan untuk melakukan aksinya? Siapa yang mendanai?  üßµ https://t.co/0h0MMUxFlx,17,28,199,978,in,1186946650595418116,1722204604488941842,voidotid,https://twitter.com/voidotid/status/1722204604488941842,
Wed Nov 08 10:38:07 +0000 2023,1722201826689515940,"üáµüá∏ Hamas mengizinkan 100 warga AS meninggalkan Gaza.  Warga negara Jerman, Kanada, Rumania, Ukraina, dan Filipina juga dibebaskan.",0,2,103,450,in,497234852,1722201826689515940,yo2thok,https://twitter.com/yo2thok/status/1722201826689515940,
Wed Nov 08 10:29:23 +0000 2023,1722199629213929542,"Ja, foei Hamas!",0,9,8,108,in,36447473,1722199629213929542,BartNijman,https://twitter.com/BartNijman/status/1722199629213929542,
Wed Nov 08 10:00:00 +0000 2023,1722192237843698153,"Militer Israel menyatakan, tujuan mereka adalah untuk menghancurkan kelompok militan Palestina Hamas, setelah mereka mengamuk di kota-kota Israel pada 7 Oktober, dan menewaskan 1.400 orang, serta menculik 240 lainnya. https://t.co/CqhEbw4pLH",6,39,174,697,in,69183155,1722192237843698153,detikcom,https://twitter.com/detikcom/status/1722192237843698153,
Wed Nov 08 09:53:48 +0000 2023,1722190674068734370,üáÆüá± üáµüá∏ Satu dari 119 tank Merkava Israel yg rusak atau hancur oleh senjata pejuang Hamas dan Hizbullah. https://t.co/0oSpPW9m0X,2,27,195,735,in,497234852,1722190674068734370,yo2thok,https://twitter.com/yo2thok/status/1722190674068734370,
Wed Nov 08 09:47:42 +0000 2023,1722189139217613225,"Saya sebenernya cuma kritik strategi Hamas. Gak pernah nyebut mereka teroris ato apa..  Tapi lihat kelakuan pendukungnya di sini kek gini..  Hanya membuktikan ini organisasi dan pendukungnya emang begini cara mainnya. Neror, nyebar ketakutan.",18,155,76,282,in,33456112,1722189139217613225,muchlis_ar,https://twitter.com/muchlis_ar/status/1722189139217613225,
Wed Nov 08 09:25:41 +0000 2023,1722183599284437458,"Pihak penjajah #Israel mengklaim temukan terowongan #hamas di beberapa bangunan dan rumah sakit #Gaza,  sampai mengadakan konferensi pers menyebut ‚Äúpencapaian besar‚Äù mereka yg kata warga itu hanya sumur resapan selokan alias gotü§£ https://t.co/fhGwqdY9ix",16,39,315,493,in,65991060,1722183599284437458,hidcom,https://twitter.com/hidcom/status/1722183599284437458,
Wed Nov 08 09:22:38 +0000 2023,1722182834234999208,#FreePalaestine  #FreePalaestine  HAMASüáµüá∏üáµüá∏üáµüá∏üáµüá∏‚ù§Ô∏è‚ù§Ô∏è‚ù§Ô∏è‚ù§Ô∏è‚ù§Ô∏è‚ù§Ô∏è‚ù§Ô∏è‚ù§Ô∏è https://t.co/4NQG0wr00m,1,3,115,276,in,1344460749964414976,1722182834234999208,CutSarina5,https://twitter.com/CutSarina5/status/1722182834234999208,
Wed Nov 08 09:15:34 +0000 2023,1722181052943446106,"Kunci keberhasilan Hamas dalam serangan 7 Oktober 2023 ke Israel, adalah kepatuhan pada ajaran untuk tak menyerang warga sipil, apalagi menculik dan memperkosa lalu membunuhnya , karena itu melanggar aturan perang dari tailadan mereka.  ü§£ https://t.co/MT0CPEPq90",5,24,50,122,in,36325638,1722181052943446106,Sentjoko,https://twitter.com/Sentjoko/status/1722181052943446106,
Wed Nov 08 09:15:07 +0000 2023,1722180941349785893,BREAKING: PERNYATAAN RESMI PEMIMPIN HAMAS  Osama Hamdan:  ‚ÄúIsrael tidak berhasil keluar dari kekalahan 7 Oktober dan tidak akan berhasil.  Proyek Amerika untuk menggambar ulang peta wilayah tersebut telah rusak  #GazaHolocaust https://t.co/Xr1omo2jm9,1,5,193,558,in,2256063276,1722180941349785893,SoftWarNews,https://twitter.com/SoftWarNews/status/1722180941349785893,
Wed Nov 08 09:10:36 +0000 2023,1722179804555002301,"@Greschinov @aksara_arya Hamas adalah penghalang utama Israel. Maka, segala cara akan dilakukan utk menghajar Hamas, termasuk propaganda yg sangat halus untuk negeri-negeri muslim: Palestina oke, hamas no!",0,11,32,338,in,158660810,1722170654974427200,afifahafra79,https://twitter.com/afifahafra79/status/1722179804555002301,"Greschinov, aksara_arya"
Wed Nov 08 09:09:41 +0000 2023,1722179573394309327,Hamas:  15 kendaraan lapis baja Israel hancur dalam 24 jam terakhir di Gaza #FreePalestineNow https://t.co/S7YU8eROLj,4,9,172,636,in,2256063276,1722179573394309327,SoftWarNews,https://twitter.com/SoftWarNews/status/1722179573394309327,
Wed Nov 08 08:16:12 +0000 2023,1722166112844959773,*Saat Gaza dikuasai HAMAS:  Terjadi pembunuhan thdp warga Gaza saat evakuasi  *Saat Gaza di bawah kendali IDF:  Warga aman saat evakuasi,3,33,52,106,in,1638057787887603713,1722166112844959773,bnsphrxyz,https://twitter.com/bnsphrxyz/status/1722166112844959773,
Wed Nov 08 07:59:36 +0000 2023,1722161934915825880,"Perang di Palestina skr itu bukan perang Israel-Hamas, tp mmg perang Israel-Palestina. Kebetulan skr itu Hamas yang dominan. Kalo dulu kan Fatah. ‚ÄîMustafa Abdel Rahman, wartawan senior Kompas yang 30th meliput dunia Arab.",5,14,108,394,in,69557596,1722161934915825880,savicali,https://twitter.com/savicali/status/1722161934915825880,
Wed Nov 08 07:36:32 +0000 2023,1722156131836150168,"Bagi mereka yg menganggap bahwa perlawanan bersenjata Hamas melalui Brigade Izzuddin Al Qassam adalah kejahatan perang, mari kita membuka Resolusi PBB Nomor 3246 tentang ‚ÄúPernyataan tentang Pemberian Kemerdekaan kepada Negara-negara Terjajah dan Rakyatnya/Declaration on The‚Ä¶ https://t.co/1EQzLNws7w",32,56,2419,4025,in,103210292,1722156131836150168,AzzamIzzulhaq,https://twitter.com/AzzamIzzulhaq/status/1722156131836150168,
Wed Nov 08 07:25:58 +0000 2023,1722153474316738777,"@tanyakanrl Banyak yg bela israel ini fokusnya di 7 oktober dan fokus mereka ngeliat palestina itu cuma hamasnya aja Lu gasuka hamas okelah bisa diterima Masalahnya semua dunia tau kalo yg diserang israel selama ini itu SIPIL Kalo alasannya 7 oktober hamas nyerang, lah di westbank kenapa ada‚Ä¶",0,7,23,284,in,1408120395694166021,1722145803614171431,aryuno_,https://twitter.com/aryuno_/status/1722153474316738777,tanyakanrl
Wed Nov 08 07:22:11 +0000 2023,1722152520196485270,Ngeri sama Hamas namun tidak ngeri sama Genosida yg sedang dilakukan Netanyahu? Hamas-Fatah itu urusan rumah tangga orang. Ini rumah dan seisinya mau dimusnahkan. Masak sibuk ngurusin hubungan rumah-tangga penghuninya. Anda sehat pak?,2,4,100,147,in,70168972,1722152520196485270,rahung,https://twitter.com/rahung/status/1722152520196485270,
Wed Nov 08 07:09:07 +0000 2023,1722149232315097530,"@tanyakanrl Sejauh ini aku hanya menemukan bukti video bahwa israel yang mengebom rumah sakit, tempat ibadah, tempat penampungan air, dll.  Belum ada sama sekali hingga skrg aku menemukan sebaliknya, yaitu bukti video RS, tempat ibadah, tempat penampungan, dll milik israel yang dibom hamas.‚Ä¶",11,34,414,3226,in,978646566,1722102036093968813,afrkml,https://twitter.com/afrkml/status/1722149232315097530,tanyakanrl
Wed Nov 08 06:52:43 +0000 2023,1722145102943158568,"üá∑üá∫ üá∫üá∏ AS hanya terlihat gagah ketika melawan Ormas Hamas, namun ketika berhadapan dengan Rusia. ü§£üëá https://t.co/y0E3tHLcit",5,39,123,401,in,497234852,1722140478014201981,yo2thok,https://twitter.com/yo2thok/status/1722145102943158568,
Wed Nov 08 06:51:37 +0000 2023,1722144828778217923,"@vitawuw @tanyakanrl Nyatanya jg ambulan ngangkut korban juga di serang, sipil ngantri roti jg di b*nuh. Mang tu hamas kah yg ngantri roti? Kocak geming",0,0,17,340,in,446773032,1722102036093968813,CloudsPeaches,https://twitter.com/CloudsPeaches/status/1722144828778217923,"vitawuw, tanyakanrl"
Wed Nov 08 06:42:37 +0000 2023,1722142561366839674,Fuh pendedahan yang dahsyat   Nampaknya Bertempur dengan Hamas itu hanyalah cover up untuk memastikan deal untuk minyak dan gas berjalan  Penguasaan penuh ke atas Gaza membolehkan Israel membolot kekayaan minyak dan gas di perairan Gaza  Berdasarkan laporan UNCTAD.   Palestin‚Ä¶,109,85,10977,9299,in,2194068895,1722142561366839674,Marchfoward,https://twitter.com/Marchfoward/status/1722142561366839674,
Wed Nov 08 06:02:49 +0000 2023,1722132546694394013,"Setiap negara punya kriteria sendiri-sendiri dalam menentukan mana organisasi yang teroris dan mana yang bukan. Indonesia tidak menggolongkan Hamas sebagai teroris. Lo tinggal, makan, berak di Indonesia ngapa pake standar Amerika buat nentuin teroris? üòÇ",30,167,1020,4039,in,59980041,1722132546694394013,Greschinov,https://twitter.com/Greschinov/status/1722132546694394013,
Wed Nov 08 06:02:24 +0000 2023,1722132440620425639,"KEMASKINI  Axios melaporkan Presiden US, Joe Biden sudah meminta PM Israel, Benjamin Netanyahu bersetuju untuk menghentikan pertempuran selama 3 hari bagi membolehkan tebusan di Gaza dibebaskan Hamas dalam OTP pada Isnin   Menurut permohonan rundingan yang sedang dibincangkan US‚Ä¶ https://t.co/87yZRh0iqc",105,81,484,787,in,2194068895,1722132440620425639,Marchfoward,https://twitter.com/Marchfoward/status/1722132440620425639,
Wed Nov 08 05:58:00 +0000 2023,1722131333374185610,"Dukung Palestina, Angeline Angelina Jolie Diserang Presiden Israel  Angelina Jolie rilis pernyataan keras soal konflik Hamas-Israel yang berdampak pada warga sipil di Gaza, Palestina. Ia langsung diserang Presiden Israel.   &gt &gt  https://t.co/96PS331cRx  #detikHot",2,10,130,383,in,69183155,1722131333374185610,detikcom,https://twitter.com/detikcom/status/1722131333374185610,
Wed Nov 08 05:54:36 +0000 2023,1722130479594566098,"Terowongan Hamas ,,  berapa biaya membangun ini ...dananya darimana ya gess .... Mirip jaring laba laba ... Kita kalo masuk bingung keluarnya ... ü§îüòÜ https://t.co/7JcFF0QTSL",19,58,134,336,in,1516806636970848265,1722130479594566098,AbahDeon,https://twitter.com/AbahDeon/status/1722130479594566098,
Wed Nov 08 05:36:16 +0000 2023,1722125867059441712,@tanyarlfes nih bukti pejuang hamas ada di garis depan bukan sembunyi dibelakang penduduk sipil. #freepalestine #IsraelisaGenocidalState  #IsraelTerorrist https://t.co/cgH32v8Rjg,1,4,105,282,in,724392657120727041,1722077909580673239,rizkijurek,https://twitter.com/rizkijurek/status/1722125867059441712,tanyarlfes
Wed Nov 08 05:33:29 +0000 2023,1722125166472560995,"Biden mendesak Benjamin Netanyahu utk menerima gencatan senjata 3 hari di Gaza.  Netanyahu menolak dgn alasan tidak percaya pada Hamas mematuhi persyaratan gencatan senjata &amp  membebaskan sandera.  Netanyu juga mengatakan ini bukan hanya perang dgn Hamas, tetapi juga dgn global. https://t.co/7bYQdqdWPt",3,23,26,154,in,955388325099069441,1722125166472560995,DeHoutman_id,https://twitter.com/DeHoutman_id/status/1722125166472560995,
Wed Nov 08 04:59:19 +0000 2023,1722116567398482096,@seketulawan Propaganda diorg IDF = Civilians Palestine civilians = Hamas Hanya orang pemalas guna akal je tepengaruh,1,2,64,161,in,1392395114891251718,1722104714186436653,jebatbintuah,https://twitter.com/jebatbintuah/status/1722116567398482096,seketulawan
Wed Nov 08 04:45:28 +0000 2023,1722113080086413725,"üáµüá∏üáÆüá± Conflict Update  Seorang Jenderal Bintang satu dari #IsraHell berfatwa dengan mengutip dalil-dalil Islam bahwa #Hamas adalah Khawarij. Gk perlu Riyadh al Bajrey, langsung sanadnya dari #Zionist wkwkwk...fatwanya serupa.  Fasih bener lughotun Arabi nya, faqih didalam Fiqh,‚Ä¶",10,75,190,336,in,113764464,1722113080086413725,Avolanza,https://twitter.com/Avolanza/status/1722113080086413725,
Wed Nov 08 04:41:23 +0000 2023,1722112054079991815,"Arrazy ini kenapa ya selalu kontroversi soal Hamas/Palestina? Sdh viral dgn kontroversi videonya yg memfitnah Hamas dgn menyebut siapapun warga Palestina yg ingin berdamai dgn Zionist wajib dibun**, skrg malah buat statement begini‚ÄºÔ∏è Caperüëá #FreePalestineNow  #FreePalestineNow https://t.co/hlwsWiGG9f",7,51,92,168,in,1682947428323037186,1722112054079991815,ShiElita19,https://twitter.com/ShiElita19/status/1722112054079991815,
